d,q,gamma,v,ordering_class,T_xx,T_yy,T_zz,Q,fixed_chsh,s_max,concurrence,diqkd_rate_raw,chsh_valid,entangled,chsh_violating,shared_p,p
0.01,0.0,0.01,0.6,1,5.782655999999999e-01,-5.782655999999999e-01,5.725829439999996e-01,2.137085280000000e-01,1.627545619162129e+00,1.635582108347630e+00,3.645570719999998e-01,,False,True,False,False,
0.01,0.0,0.01,0.6,2,5.782655999999998e-01,-5.782655999999998e-01,5.725802951111112e-01,2.137098524444444e-01,1.627541873067537e+00,1.635582108347630e+00,3.645557475555554e-01,,False,True,False,False,
0.01,0.0,0.01,0.8,1,7.710207999999997e-01,-7.710207999999997e-01,7.634105920000001e-01,1.182947039999999e-01,2.170013685097426e+00,2.180776144463507e+00,6.527260959999998e-01,-3.925144710396968e-01,True,True,True,False,
0.01,0.0,0.01,0.8,2,7.710207999999998e-01,-7.710207999999998e-01,7.634079431111109e-01,1.182960284444444e-01,2.170009939002834e+00,2.180776144463507e+00,6.527247715555553e-01,-3.925214354375139e-01,True,True,True,False,
0.01,0.0,0.01,1.0,1,9.637759999999997e-01,-9.637759999999997e-01,9.542382399999996e-01,2.288088000000000e-02,2.712481751032723e+00,2.725970180579383e+00,9.408951199999995e-01,5.916985659614886e-01,True,True,True,False,
0.01,0.0,0.01,1.0,2,9.637759999999996e-01,-9.637759999999996e-01,9.542355911111107e-01,2.288220444444445e-02,2.712478004938131e+00,2.725970180579383e+00,9.408937955555550e-01,5.916851332849384e-01,True,True,True,False,
0.01,0.0,0.05,0.6,1,5.549013333333331e-01,-5.549013333333331e-01,5.296562666666662e-01,2.351718666666666e-01,1.533796067094813e+00,1.569497982757827e+00,3.197294666666662e-01,,False,True,False,False,
0.01,0.0,0.05,0.6,2,5.549013333333330e-01,-5.549013333333330e-01,5.295900444444439e-01,2.352049777777777e-01,1.533702414730016e+00,1.569497982757826e+00,3.196963555555550e-01,,False,True,False,False,
0.01,0.0,0.05,0.8,1,7.398684444444441e-01,-7.398684444444441e-01,7.053750222222220e-01,1.473124888888888e-01,2.043882911491107e+00,2.092663977010436e+00,5.925559555555551e-01,-5.708307079173363e-01,True,True,True,False,
0.01,0.0,0.05,0.8,2,7.398684444444442e-01,-7.398684444444442e-01,7.053087999999997e-01,1.473455999999999e-01,2.043789259126310e+00,2.092663977010436e+00,5.925228444444441e-01,-5.709846610350652e-01,True,True,True,False,
0.01,0.0,0.05,1.0,1,9.248355555555552e-01,-9.248355555555552e-01,8.810937777777772e-01,5.945311111111107e-02,2.553969755887400e+00,2.615829971263044e+00,8.653824444444438e-01,1.965461115660757e-01,True,True,True,False,
0.01,0.0,0.05,1.0,2,9.248355555555552e-01,-9.248355555555552e-01,8.810275555555556e-01,5.948622222222220e-02,2.553876103522604e+00,2.615829971263044e+00,8.653493333333330e-01,1.962966293145330e-01,True,True,True,False,
0.01,0.0,0.1,0.6,1,5.256959999999998e-01,-5.256959999999998e-01,4.831263999999996e-01,2.584367999999999e-01,1.426690320105775e+00,1.486892825770573e+00,2.672591999999996e-01,,False,True,False,False,
0.01,0.0,0.1,0.6,2,5.256959999999999e-01,-5.256959999999999e-01,4.828615111111108e-01,2.585692444444445e-01,1.426315710646586e+00,1.486892825770573e+00,2.671267555555553e-01,,False,True,False,False,
0.01,0.0,0.1,0.8,1,7.009279999999998e-01,-7.009279999999998e-01,6.408351999999999e-01,1.795823999999999e-01,1.897539714933123e+00,1.982523767694097e+00,5.213455999999997e-01,,False,True,False,False,
0.01,0.0,0.1,0.8,2,7.009279999999997e-01,-7.009279999999997e-01,6.405703111111105e-01,1.797148444444444e-01,1.897165105473933e+00,1.982523767694097e+00,5.212131555555549e-01,,False,True,False,False,
0.01,0.0,0.1,1.0,1,8.761599999999997e-01,-8.761599999999997e-01,7.985439999999995e-01,1.007279999999999e-01,2.368389109760471e+00,2.478154709617621e+00,7.754319999999995e-01,-1.575881190676102e-01,True,True,True,False,
0.01,0.0,0.1,1.0,2,8.761599999999996e-01,-8.761599999999996e-01,7.982791111111112e-01,1.008604444444444e-01,2.368014500301283e+00,2.478154709617621e+00,7.752995555555552e-01,-1.583838499983804e-01,True,True,True,False,
0.01,0.05,0.01,0.6,1,4.683951359999997e-01,-4.683951359999997e-01,5.725829439999994e-01,2.137085279999999e-01,1.472165318869103e+00,1.479520505012573e+00,2.546866079999994e-01,,False,True,False,False,
0.01,0.05,0.01,0.6,2,4.683951359999998e-01,-4.683951359999998e-01,5.725802951111111e-01,2.137098524444443e-01,1.472161572774513e+00,1.479516404475443e+00,2.546852835555554e-01,,False,True,False,False,
0.01,0.05,0.01,0.8,1,6.245268479999995e-01,-6.245268479999995e-01,7.634105919999998e-01,1.182947039999999e-01,1.962839951373393e+00,1.972642406368275e+00,5.062321439999994e-01,,False,True,False,False,
0.01,0.05,0.01,0.8,2,6.245268479999996e-01,-6.245268479999996e-01,7.634079431111107e-01,1.182960284444444e-01,1.962836205278800e+00,1.972638305901973e+00,5.062308195555549e-01,,False,True,False,False,
0.01,0.05,0.01,1.0,1,7.806585599999996e-01,-7.806585599999996e-01,9.542382399999993e-01,2.288087999999999e-02,2.453514583877682e+00,2.465764308265954e+00,7.577776799999992e-01,2.462425776260359e-01,True,True,True,False,
0.01,0.05,0.01,1.0,2,7.806585599999994e-01,-7.806585599999994e-01,9.542355911111102e-01,2.288220444444444e-02,2.453510837783089e+00,2.465760207842151e+00,7.577763555555546e-01,2.462312597140969e-01,True,True,True,False,
0.01,0.05,0.05,0.6,1,4.494700799999997e-01,-4.494700799999997e-01,5.296562666666661e-01,2.351718666666665e-01,1.384693758732819e+00,1.389329498188931e+00,2.142982133333327e-01,,False,True,False,False,
0.01,0.05,0.05,0.6,2,4.494700799999995e-01,-4.494700799999995e-01,5.295900444444437e-01,2.352049777777776e-01,1.384600106368022e+00,1.389228516824894e+00,2.142651022222214e-01,,False,True,False,False,
0.01,0.05,0.05,0.8,1,5.992934399999994e-01,-5.992934399999994e-01,7.053750222222219e-01,1.473124888888888e-01,1.845079833675115e+00,1.851168873119935e+00,4.519809511111104e-01,,False,True,False,False,
0.01,0.05,0.05,0.8,2,5.992934399999995e-01,-5.992934399999995e-01,7.053087999999994e-01,1.473455999999999e-01,1.844986181310318e+00,1.851067941037791e+00,4.519478399999992e-01,,False,True,False,False,
0.01,0.05,0.05,1.0,1,7.491167999999995e-01,-7.491167999999995e-01,8.810937777777770e-01,5.945311111111107e-02,2.305465908617411e+00,2.313008625388979e+00,6.896636888888880e-01,-7.300885452268213e-02,True,True,True,False,
0.01,0.05,0.05,1.0,2,7.491167999999995e-01,-7.491167999999995e-01,8.810275555555552e-01,5.948622222222218e-02,2.305372256252614e+00,2.312907722924057e+00,6.896305777777771e-01,-7.322936705282823e-02,True,True,True,False,
0.01,0.05,0.1,0.6,1,4.258137599999997e-01,-4.258137599999997e-01,4.831263999999994e-01,2.584367999999998e-01,1.285435501657570e+00,1.287988317621393e+00,1.673769599999994e-01,,False,True,False,False,
0.01,0.05,0.1,0.6,2,4.258137599999999e-01,-4.258137599999999e-01,4.828615111111108e-01,2.585692444444445e-01,1.285060892198381e+00,1.287590924351120e+00,1.672445155555553e-01,,False,True,False,False,
0.01,0.05,0.1,0.8,1,5.677516799999994e-01,-5.677516799999994e-01,6.408351999999997e-01,1.795823999999999e-01,1.709199957002183e+00,1.712322076832348e+00,3.881692799999993e-01,,False,True,False,False,
0.01,0.05,0.1,0.8,2,5.677516799999994e-01,-5.677516799999994e-01,6.405703111111101e-01,1.797148444444444e-01,1.708825347542993e+00,1.711925575040931e+00,3.880368355555545e-01,,False,True,False,False,
0.01,0.05,0.1,1.0,1,7.096895999999996e-01,-7.096895999999996e-01,7.985439999999994e-01,1.007279999999999e-01,2.132964412346796e+00,2.136662676497306e+00,6.089615999999993e-01,-3.697933232660929e-01,True,True,True,False,
0.01,0.05,0.1,1.0,2,7.096895999999996e-01,-7.096895999999996e-01,7.982791111111109e-01,1.008604444444444e-01,2.132589802887608e+00,2.136266713296357e+00,6.088291555555551e-01,-3.705140261939069e-01,True,True,True,False,
0.01,0.1,0.01,0.6,1,3.700899839999998e-01,-3.700899839999998e-01,5.725829439999994e-01,2.137085279999999e-01,1.333140839659555e+00,1.363550987703543e+00,1.563814559999995e-01,,False,True,False,False,
0.01,0.1,0.01,0.6,2,3.700899839999998e-01,-3.700899839999998e-01,5.725802951111112e-01,2.137098524444443e-01,1.333137093564964e+00,1.363546538416122e+00,1.563801315555554e-01,,False,True,False,False,
0.01,0.1,0.01,0.8,1,4.934533119999998e-01,-4.934533119999998e-01,7.634105919999998e-01,1.182947039999999e-01,1.777473979093995e+00,1.818011994571608e+00,3.751586079999997e-01,,False,True,False,False,
0.01,0.1,0.01,0.8,2,4.934533119999998e-01,-4.934533119999998e-01,7.634079431111106e-01,1.182960284444444e-01,1.777470232999403e+00,1.818007545340674e+00,3.751572835555551e-01,,False,True,False,False,
0.01,0.1,0.01,1.0,1,6.168166399999997e-01,-6.168166399999997e-01,9.542382399999993e-01,2.288087999999999e-02,2.221807118528434e+00,2.272473001871913e+00,5.939357599999994e-01,1.884535133417586e-02,True,True,True,False,
0.01,0.1,0.01,1.0,2,6.168166399999998e-01,-6.168166399999998e-01,9.542355911111104e-01,2.288220444444444e-02,2.221803372433842e+00,2.272468552674875e+00,5.939344355555550e-01,1.883490195251913e-02,True,True,True,False,
0.01,0.1,0.05,0.6,1,3.551368533333331e-01,-3.551368533333331e-01,5.296562666666661e-01,2.351718666666665e-01,1.251286430198404e+00,1.275394755226431e+00,1.199649866666661e-01,,False,True,False,False,
0.01,0.1,0.05,0.6,2,3.551368533333331e-01,-3.551368533333331e-01,5.295900444444437e-01,2.352049777777777e-01,1.251192777833606e+00,1.275284752155642e+00,1.199318755555550e-01,,False,True,False,False,
0.01,0.1,0.05,0.8,1,4.735158044444442e-01,-4.735158044444442e-01,7.053750222222219e-01,1.473124888888888e-01,1.667203395629229e+00,1.699142300142833e+00,3.262033155555552e-01,,False,True,False,False,
0.01,0.1,0.05,0.8,2,4.735158044444442e-01,-4.735158044444442e-01,7.053087999999995e-01,1.473455999999999e-01,1.667109743264431e+00,1.699032336850725e+00,3.261702044444439e-01,,False,True,False,False,
0.01,0.1,0.05,1.0,1,5.918947555555552e-01,-5.918947555555552e-01,8.810937777777770e-01,5.945311111111107e-02,2.083120361060052e+00,2.122890149671325e+00,5.324416444444436e-01,-2.631692300547814e-01,True,True,True,False,
0.01,0.1,0.05,1.0,2,5.918947555555552e-01,-5.918947555555552e-01,8.810275555555553e-01,5.948622222222219e-02,2.083026708695256e+00,2.122780210292500e+00,5.324085333333328e-01,-2.633735784233648e-01,True,True,True,False,
0.01,0.1,0.1,0.6,1,3.364454399999998e-01,-3.364454399999998e-01,4.831263999999994e-01,2.584367999999998e-01,1.159049611467071e+00,1.177466182060025e+00,7.800863999999946e-02,,False,True,False,False,
0.01,0.1,0.1,0.6,2,3.364454399999998e-01,-3.364454399999998e-01,4.828615111111105e-01,2.585692444444445e-01,1.158675002007882e+00,1.177031474531244e+00,7.787619555555508e-02,,False,True,False,False,
0.01,0.1,0.1,0.8,1,4.485939199999998e-01,-4.485939199999998e-01,6.408351999999997e-01,1.795823999999999e-01,1.540685436748185e+00,1.564488745398964e+00,2.690115199999996e-01,,False,True,False,False,
0.01,0.1,0.1,0.8,2,4.485939199999996e-01,-4.485939199999996e-01,6.405703111111103e-01,1.797148444444444e-01,1.540310827288996e+00,1.564054766992449e+00,2.688790755555548e-01,,False,True,False,False,
0.01,0.1,0.1,1.0,1,5.607423999999996e-01,-5.607423999999996e-01,7.985439999999994e-01,1.007279999999999e-01,1.922321262029298e+00,1.951516906505048e+00,4.600143999999993e-01,,False,True,False,False,
0.01,0.1,0.1,1.0,2,5.607423999999996e-01,-5.607423999999996e-01,7.982791111111109e-01,1.008604444444444e-01,1.921946652570110e+00,1.951083369201947e+00,4.598819555555551e-01,,False,True,False,False,
0.05,0.0,0.01,0.6,1,5.174399999999997e-01,-5.174399999999997e-01,5.123655999999994e-01,2.438172000000000e-01,1.456365046127761e+00,1.463541331428668e+00,2.736227999999994e-01,,False,True,False,False,
0.05,0.0,0.01,0.6,2,5.174399999999997e-01,-5.174399999999997e-01,5.123527111111109e-01,2.438236444444444e-01,1.456346818486291e+00,1.463541331428668e+00,2.736163555555551e-01,,False,True,False,False,
0.05,0.0,0.01,0.8,1,6.899199999999996e-01,-6.899199999999996e-01,6.831207999999998e-01,1.584395999999998e-01,1.941772921051603e+00,1.951388441904890e+00,5.314803999999995e-01,,False,True,False,False,
0.05,0.0,0.01,0.8,2,6.899199999999996e-01,-6.899199999999996e-01,6.831079111111109e-01,1.584460444444443e-01,1.941754693410133e+00,1.951388441904890e+00,5.314739555555551e-01,,False,True,False,False,
0.05,0.0,0.01,1.0,1,8.623999999999995e-01,-8.623999999999995e-01,8.538759999999999e-01,7.306199999999996e-02,2.427180795975445e+00,2.439235552381113e+00,7.893379999999994e-01,-2.381674126894495e-03,True,True,True,False,
0.05,0.0,0.01,1.0,2,8.623999999999996e-01,-8.623999999999996e-01,8.538631111111110e-01,7.306844444444438e-02,2.427162568333975e+00,2.439235552381113e+00,7.893315555555551e-01,-2.424866450352892e-03,True,True,True,False,
0.05,0.0,0.05,0.6,1,4.965333333333330e-01,-4.965333333333330e-01,4.742066666666661e-01,2.628966666666666e-01,1.372833673538057e+00,1.404408348340641e+00,2.336366666666660e-01,,False,True,False,False,
0.05,0.0,0.05,0.6,2,4.965333333333329e-01,-4.965333333333329e-01,4.738844444444439e-01,2.630577777777777e-01,1.372377982501292e+00,1.404408348340640e+00,2.334755555555549e-01,,False,True,False,False,
0.05,0.0,0.05,0.8,1,6.620444444444440e-01,-6.620444444444440e-01,6.314422222222218e-01,1.842788888888887e-01,1.829266386748766e+00,1.872544464454188e+00,4.777655555555549e-01,,False,True,False,False,
0.05,0.0,0.05,0.8,2,6.620444444444439e-01,-6.620444444444439e-01,6.311199999999992e-01,1.844399999999998e-01,1.828810695712000e+00,1.872544464454187e+00,4.776044444444435e-01,,False,True,False,False,
0.05,0.0,0.05,1.0,1,8.275555555555549e-01,-8.275555555555549e-01,7.886777777777775e-01,1.056611111111111e-01,2.285699099959474e+00,2.340680580567734e+00,7.218944444444437e-01,-2.529547941226923e-01,True,True,True,False,
0.05,0.0,0.05,1.0,2,8.275555555555550e-01,-8.275555555555550e-01,7.883555555555550e-01,1.058222222222222e-01,2.285243408922709e+00,2.340680580567735e+00,7.217333333333326e-01,-2.538740168856362e-01,True,True,True,False,
0.05,0.0,0.1,0.6,1,4.703999999999997e-01,-4.703999999999997e-01,4.333599999999995e-01,2.833200000000000e-01,1.278109649130307e+00,1.330492119480607e+00,1.870799999999995e-01,,False,True,False,False,
0.05,0.0,0.1,0.6,2,4.703999999999997e-01,-4.703999999999997e-01,4.320711111111110e-01,2.839644444444444e-01,1.276286884983249e+00,1.330492119480607e+00,1.864355555555552e-01,,False,True,False,False,
0.05,0.0,0.1,0.8,1,6.271999999999996e-01,-6.271999999999996e-01,5.744799999999997e-01,2.127599999999997e-01,1.699432153632500e+00,1.773989492640809e+00,4.144399999999995e-01,,False,True,False,False,
0.05,0.0,0.1,0.8,2,6.271999999999995e-01,-6.271999999999995e-01,5.731911111111108e-01,2.134044444444443e-01,1.697609389485441e+00,1.773989492640809e+00,4.137955555555549e-01,,False,True,False,False,
0.05,0.0,0.1,1.0,1,7.839999999999995e-01,-7.839999999999995e-01,7.155999999999998e-01,1.421999999999999e-01,2.120754658134692e+00,2.217486865801011e+00,6.417999999999994e-01,-4.982760598476021e-01,True,True,True,False,
0.05,0.0,0.1,1.0,2,7.839999999999995e-01,-7.839999999999995e-01,7.143111111111109e-01,1.428444444444443e-01,2.118931893987633e+00,2.217486865801011e+00,6.411555555555549e-01,-5.014001068388680e-01,True,True,True,False,
0.05,0.05,0.01,0.6,1,4.191263999999996e-01,-4.191263999999996e-01,5.123655999999993e-01,2.438171999999999e-01,1.317328619642038e+00,1.323911548767997e+00,1.753091999999993e-01,,False,True,False,False,
0.05,0.05,0.01,0.6,2,4.191263999999996e-01,-4.191263999999996e-01,5.123527111111108e-01,2.438236444444443e-01,1.317310392000568e+00,1.323891596407901e+00,1.753027555555550e-01,,False,True,False,False,
0.05,0.05,0.01,0.8,1,5.588351999999994e-01,-5.588351999999994e-01,6.831207999999995e-01,1.584395999999997e-01,1.756391019070638e+00,1.765163797670549e+00,4.003955999999992e-01,,False,True,False,False,
0.05,0.05,0.01,0.8,2,5.588351999999994e-01,-5.588351999999994e-01,6.831079111111107e-01,1.584460444444443e-01,1.756372791429168e+00,1.765143845675615e+00,4.003891555555548e-01,,False,True,False,False,
0.05,0.05,0.01,1.0,1,6.985439999999994e-01,-6.985439999999994e-01,8.538759999999996e-01,7.306199999999995e-02,2.195453418499239e+00,2.206416047178771e+00,6.254819999999992e-01,-2.238496232081683e-01,True,True,True,False,
0.05,0.05,0.01,1.0,2,6.985439999999994e-01,-6.985439999999994e-01,8.538631111111106e-01,7.306844444444438e-02,2.195435190857768e+00,2.206396095402948e+00,6.254755555555547e-01,-2.238888055421836e-01,True,True,True,False,
0.05,0.05,0.05,0.6,1,4.021919999999996e-01,-4.021919999999996e-01,4.742066666666660e-01,2.628966666666666e-01,1.239414880445696e+00,1.243592163975168e+00,1.392953333333326e-01,,False,True,False,False,
0.05,0.05,0.05,0.6,2,4.021919999999995e-01,-4.021919999999995e-01,4.738844444444438e-01,2.630577777777776e-01,1.238959189408931e+00,1.243100754646089e+00,1.391342222222214e-01,,False,True,False,False,
0.05,0.05,0.05,0.8,1,5.362559999999994e-01,-5.362559999999994e-01,6.314422222222217e-01,1.842788888888886e-01,1.651374662625617e+00,1.656852169073556e+00,3.519771111111102e-01,,False,True,False,False,
0.05,0.05,0.05,0.8,2,5.362559999999994e-01,-5.362559999999994e-01,6.311199999999992e-01,1.844399999999998e-01,1.650918971588852e+00,1.656361013711683e+00,3.518159999999990e-01,,False,True,False,False,
0.05,0.05,0.05,1.0,1,6.703199999999992e-01,-6.703199999999992e-01,7.886777777777773e-01,1.056611111111110e-01,2.063334444805538e+00,2.070112595546911e+00,5.646588888888879e-01,-4.397677833016964e-01,True,True,True,False,
0.05,0.05,0.05,1.0,2,6.703199999999995e-01,-6.703199999999995e-01,7.883555555555548e-01,1.058222222222221e-01,2.062878753768774e+00,2.069621592828319e+00,5.644977777777769e-01,-4.406106503086126e-01,True,True,True,False,
0.05,0.05,0.1,0.6,1,3.810239999999996e-01,-3.810239999999996e-01,4.333599999999995e-01,2.833199999999998e-01,1.151712897779649e+00,1.154088693603744e+00,9.770399999999940e-02,,False,True,False,False,
0.05,0.05,0.1,0.6,2,3.810239999999997e-01,-3.810239999999997e-01,4.320711111111107e-01,2.839644444444443e-01,1.149890133632591e+00,1.152154041146911e+00,9.705955555555507e-02,,False,True,False,False,
0.05,0.05,0.1,0.8,1,5.080319999999995e-01,-5.080319999999995e-01,5.744799999999994e-01,2.127599999999997e-01,1.530903151831622e+00,1.533784578647209e+00,2.952719999999992e-01,,False,True,False,False,
0.05,0.05,0.1,0.8,2,5.080319999999996e-01,-5.080319999999996e-01,5.731911111111104e-01,2.134044444444443e-01,1.529080387684564e+00,1.531854513824063e+00,2.946275555555548e-01,,False,True,False,False,
0.05,0.05,0.1,1.0,1,6.350399999999994e-01,-6.350399999999994e-01,7.155999999999997e-01,1.421999999999999e-01,1.910093405883595e+00,1.913488083683825e+00,4.928399999999992e-01,,False,True,False,False,
0.05,0.05,0.1,1.0,2,6.350399999999994e-01,-6.350399999999994e-01,7.143111111111107e-01,1.428444444444443e-01,1.908270641736537e+00,1.911560791664015e+00,4.921955555555547e-01,,False,True,False,False,
0.05,0.1,0.01,0.6,1,3.311615999999997e-01,-3.311615999999997e-01,5.123655999999993e-01,2.438172000000000e-01,1.192927606470601e+00,1.220141816967059e+00,8.734439999999938e-02,,False,True,False,False,
0.05,0.1,0.01,0.6,2,3.311615999999997e-01,-3.311615999999997e-01,5.123527111111108e-01,2.438236444444443e-01,1.192909378829131e+00,1.220120167684258e+00,8.733795555555512e-02,,False,True,False,False,
0.05,0.1,0.01,0.8,1,4.415487999999997e-01,-4.415487999999997e-01,6.831207999999996e-01,1.584395999999998e-01,1.590523001508723e+00,1.626799766626587e+00,2.831091999999995e-01,,False,True,False,False,
0.05,0.1,0.01,0.8,2,4.415487999999996e-01,-4.415487999999996e-01,6.831079111111109e-01,1.584460444444442e-01,1.590504773867252e+00,1.626778117635008e+00,2.831027555555551e-01,,False,True,False,False,
0.05,0.1,0.01,1.0,1,5.519359999999996e-01,-5.519359999999996e-01,8.538759999999996e-01,7.306199999999996e-02,1.988118396546844e+00,2.033457716769148e+00,4.788739999999995e-01,,False,True,False,False,
0.05,0.1,0.01,1.0,2,5.519359999999998e-01,-5.519359999999998e-01,8.538631111111108e-01,7.306844444444438e-02,1.988100168905374e+00,2.033436067952317e+00,4.788675555555552e-01,,False,True,False,False,
0.05,0.1,0.05,0.6,1,3.177813333333330e-01,-3.177813333333330e-01,4.742066666666660e-01,2.628966666666666e-01,1.120040170836741e+00,1.141677605151684e+00,5.488466666666603e-02,,False,True,False,False,
0.05,0.1,0.05,0.6,2,3.177813333333330e-01,-3.177813333333330e-01,4.738844444444439e-01,2.630577777777776e-01,1.119584479799977e+00,1.141142309270023e+00,5.472355555555497e-02,,False,True,False,False,
0.05,0.1,0.05,0.8,1,4.237084444444441e-01,-4.237084444444441e-01,6.314422222222217e-01,1.842788888888886e-01,1.492208383147011e+00,1.520852558137663e+00,2.394295555555549e-01,,False,True,False,False,
0.05,0.1,0.05,0.8,2,4.237084444444440e-01,-4.237084444444440e-01,6.311199999999992e-01,1.844399999999998e-01,1.491752692110246e+00,1.520317467233117e+00,2.392684444444436e-01,,False,True,False,False,
0.05,0.1,0.05,1.0,1,5.296355555555551e-01,-5.296355555555551e-01,7.886777777777773e-01,1.056611111111111e-01,1.864376595457281e+00,1.900027851237065e+00,4.239744444444437e-01,,False,True,False,False,
0.05,0.1,0.05,1.0,2,5.296355555555551e-01,-5.296355555555551e-01,7.883555555555549e-01,1.058222222222221e-01,1.863920904420516e+00,1.899492883570717e+00,4.238133333333325e-01,,False,True,False,False,
0.05,0.1,0.1,0.6,1,3.010559999999997e-01,-3.010559999999997e-01,4.333599999999994e-01,2.833199999999999e-01,1.038621067623798e+00,1.055339954206225e+00,1.773599999999942e-02,,False,True,False,False,
0.05,0.1,0.1,0.6,2,3.010559999999997e-01,-3.010559999999997e-01,4.320711111111107e-01,2.839644444444444e-01,1.036798303476739e+00,1.053223927173684e+00,1.709155555555508e-02,,False,True,False,False,
0.05,0.1,0.1,0.8,1,4.014079999999997e-01,-4.014079999999997e-01,5.744799999999995e-01,2.127599999999997e-01,1.380114044957154e+00,1.401649960388112e+00,1.886479999999994e-01,,False,True,False,False,
0.05,0.1,0.1,0.8,2,4.014079999999996e-01,-4.014079999999996e-01,5.731911111111107e-01,2.134044444444443e-01,1.378291280810095e+00,1.399537684123996e+00,1.880035555555549e-01,,False,True,False,False,
0.05,0.1,0.1,1.0,1,5.017599999999997e-01,-5.017599999999997e-01,7.155999999999996e-01,1.421999999999999e-01,1.721607022290510e+00,1.747966198300184e+00,3.595599999999994e-01,,False,True,False,False,
0.05,0.1,0.1,1.0,2,5.017599999999995e-01,-5.017599999999995e-01,7.143111111111107e-01,1.428444444444443e-01,1.719784258143451e+00,1.745856192309996e+00,3.589155555555549e-01,,False,True,False,False,
0.1,0.0,0.01,0.6,1,4.461599999999997e-01,-4.461599999999997e-01,4.417984000000001e-01,2.791008000000000e-01,1.255762812103113e+00,1.261931045976759e+00,1.670591999999998e-01,,False,True,False,False,
0.1,0.0,0.01,0.6,2,4.461599999999998e-01,-4.461599999999998e-01,4.417735111111109e-01,2.791132444444443e-01,1.255727613898894e+00,1.261931045976760e+00,1.670467555555553e-01,,False,True,False,False,
0.1,0.0,0.01,0.8,1,5.948799999999997e-01,-5.948799999999997e-01,5.890311999999995e-01,2.054844000000000e-01,1.674303275685405e+00,1.682574727969013e+00,3.893955999999995e-01,,False,True,False,False,
0.1,0.0,0.01,0.8,2,5.948799999999997e-01,-5.948799999999997e-01,5.890063111111106e-01,2.054968444444444e-01,1.674268077481186e+00,1.682574727969013e+00,3.893831555555550e-01,,False,True,False,False,
0.1,0.0,0.01,1.0,1,7.435999999999995e-01,-7.435999999999995e-01,7.362639999999996e-01,1.318679999999999e-01,2.092843739267696e+00,2.103218409961265e+00,6.117319999999993e-01,-4.928834607421824e-01,True,True,True,False,
0.1,0.0,0.01,1.0,2,7.435999999999997e-01,-7.435999999999997e-01,7.362391111111108e-01,1.318804444444444e-01,2.092808541063478e+00,2.103218409961266e+00,6.117195555555551e-01,-4.929447551541186e-01,True,True,True,False,
0.1,0.0,0.05,0.6,1,4.281333333333330e-01,-4.281333333333330e-01,4.092266666666667e-01,2.953866666666666e-01,1.184205868588734e+00,1.210943933008001e+00,1.327466666666663e-01,,False,True,False,False,
0.1,0.0,0.05,0.6,2,4.281333333333330e-01,-4.281333333333330e-01,4.086044444444442e-01,2.956977777777776e-01,1.183325913483257e+00,1.210943933008001e+00,1.324355555555550e-01,,False,True,False,False,
0.1,0.0,0.05,0.8,1,5.708444444444440e-01,-5.708444444444440e-01,5.448022222222217e-01,2.275988888888888e-01,1.577762646816334e+00,1.614591910677335e+00,3.432455555555549e-01,,False,True,False,False,
0.1,0.0,0.05,0.8,2,5.708444444444442e-01,-5.708444444444442e-01,5.441799999999997e-01,2.279099999999999e-01,1.576882691710858e+00,1.614591910677335e+00,3.429344444444440e-01,,False,True,False,False,
0.1,0.0,0.05,1.0,1,7.135555555555549e-01,-7.135555555555549e-01,6.803777777777772e-01,1.598111111111110e-01,1.971319425043935e+00,2.018239888346669e+00,5.537444444444435e-01,,False,True,False,False,
0.1,0.0,0.05,1.0,2,7.135555555555552e-01,-7.135555555555552e-01,6.797555555555552e-01,1.601222222222222e-01,1.970439469938459e+00,2.018239888346669e+00,5.534333333333328e-01,,False,True,False,False,
0.1,0.0,0.1,0.6,1,4.055999999999997e-01,-4.055999999999997e-01,3.750400000000000e-01,3.124800000000000e-01,1.103991675330932e+00,1.147210041797054e+00,9.311999999999970e-02,,False,True,False,False,
0.1,0.0,0.1,0.6,2,4.055999999999997e-01,-4.055999999999997e-01,3.725511111111107e-01,3.137244444444444e-01,1.100471854909026e+00,1.147210041797054e+00,9.187555555555510e-02,,False,True,False,False,
0.1,0.0,0.1,0.8,1,5.407999999999997e-01,-5.407999999999997e-01,4.967199999999995e-01,2.516399999999999e-01,1.467274855233332e+00,1.529613389062739e+00,2.891599999999995e-01,,False,True,False,False,
0.1,0.0,0.1,0.8,2,5.407999999999997e-01,-5.407999999999997e-01,4.942311111111106e-01,2.528844444444442e-01,1.463755034811426e+00,1.529613389062739e+00,2.879155555555550e-01,,False,True,False,False,
0.1,0.0,0.1,1.0,1,6.759999999999995e-01,-6.759999999999995e-01,6.183999999999996e-01,1.907999999999999e-01,1.830558035135733e+00,1.912016736328423e+00,4.851999999999993e-01,,False,True,False,False,
0.1,0.0,0.1,1.0,2,6.759999999999995e-01,-6.759999999999995e-01,6.159111111111111e-01,1.920444444444443e-01,1.827038214713827e+00,1.912016736328423e+00,4.839555555555550e-01,,False,True,False,False,
0.1,0.05,0.01,0.6,1,3.613895999999996e-01,-3.613895999999996e-01,4.417984000000000e-01,2.791007999999999e-01,1.135879362735321e+00,1.141557303389926e+00,8.228879999999961e-02,,False,True,False,False,
0.1,0.05,0.01,0.6,2,3.613895999999997e-01,-3.613895999999997e-01,4.417735111111107e-01,2.791132444444442e-01,1.135844164531101e+00,1.141518774453751e+00,8.227635555555507e-02,,False,True,False,False,
0.1,0.05,0.01,0.8,1,4.818527999999996e-01,-4.818527999999996e-01,5.890311999999993e-01,2.054843999999999e-01,1.514458676528348e+00,1.522024803268697e+00,2.763683999999992e-01,,False,True,False,False,
0.1,0.05,0.01,0.8,2,4.818527999999996e-01,-4.818527999999996e-01,5.890063111111103e-01,2.054968444444443e-01,1.514423478324129e+00,1.521986275097851e+00,2.763559555555548e-01,,False,True,False,False,
0.1,0.05,0.01,1.0,1,6.023159999999995e-01,-6.023159999999995e-01,7.362639999999994e-01,1.318679999999998e-01,1.893037990321376e+00,1.902492303849872e+00,4.704479999999992e-01,,False,True,False,False,
0.1,0.05,0.01,1.0,2,6.023159999999996e-01,-6.023159999999996e-01,7.362391111111105e-01,1.318804444444443e-01,1.893002792117157e+00,1.902453776138256e+00,4.704355555555549e-01,,False,True,False,False,
0.1,0.05,0.05,0.6,1,3.467879999999996e-01,-3.467879999999996e-01,4.092266666666666e-01,2.953866666666665e-01,1.069166194952974e+00,1.072806378905552e+00,5.140133333333291e-02,,False,True,False,False,
0.1,0.05,0.05,0.6,2,3.467879999999996e-01,-3.467879999999996e-01,4.086044444444439e-01,2.956977777777776e-01,1.068286239847497e+00,1.071857283342801e+00,5.109022222222154e-02,,False,True,False,False,
0.1,0.05,0.05,0.8,1,4.623839999999995e-01,-4.623839999999995e-01,5.448022222222215e-01,2.275988888888887e-01,1.424376415301987e+00,1.429137396885646e+00,2.347851111111103e-01,,False,True,False,False,
0.1,0.05,0.05,0.8,2,4.623839999999996e-01,-4.623839999999996e-01,5.441799999999994e-01,2.279099999999998e-01,1.423496460196511e+00,1.428188833251400e+00,2.344739999999993e-01,,False,True,False,False,
0.1,0.05,0.05,1.0,1,5.779799999999994e-01,-5.779799999999994e-01,6.803777777777771e-01,1.598111111111109e-01,1.779586635651001e+00,1.785468902998678e+00,4.181688888888879e-01,,False,True,False,False,
0.1,0.05,0.05,1.0,2,5.779799999999994e-01,-5.779799999999994e-01,6.797555555555550e-01,1.601222222222221e-01,1.778706680545524e+00,1.784520659122377e+00,4.178577777777769e-01,,False,True,False,False,
0.1,0.05,0.1,0.6,1,3.285359999999997e-01,-3.285359999999997e-01,3.750399999999999e-01,3.124799999999999e-01,9.950067213602121e-01,9.971778274630854e-01,1.605599999999963e-02,,False,True,False,False,
0.1,0.05,0.1,0.6,2,3.285359999999996e-01,-3.285359999999996e-01,3.725511111111107e-01,3.137244444444443e-01,9.914869009383049e-01,9.934389436419792e-01,1.481155555555491e-02,,False,True,False,False,
0.1,0.05,0.1,0.8,1,4.380479999999996e-01,-4.380479999999996e-01,4.967199999999994e-01,2.516399999999999e-01,1.321961583272372e+00,1.324563035425644e+00,1.864079999999993e-01,,False,True,False,False,
0.1,0.05,0.1,0.8,2,4.380479999999997e-01,-4.380479999999997e-01,4.942311111111104e-01,2.528844444444442e-01,1.318441762850465e+00,1.320833738960544e+00,1.851635555555549e-01,,False,True,False,False,
0.1,0.05,0.1,1.0,1,5.475599999999995e-01,-5.475599999999995e-01,6.183999999999994e-01,1.907999999999998e-01,1.648916445184532e+00,1.651957037698013e+00,3.567599999999992e-01,,False,True,False,False,
0.1,0.05,0.1,1.0,2,5.475599999999994e-01,-5.475599999999994e-01,6.159111111111107e-01,1.920444444444442e-01,1.645396624762626e+00,1.648233539751115e+00,3.555155555555548e-01,,False,True,False,False,
0.1,0.1,0.01,0.6,1,2.855423999999997e-01,-2.855423999999997e-01,4.417984000000000e-01,2.791007999999999e-01,1.028615223827297e+00,1.052084195186526e+00,6.441599999999714e-03,,False,True,False,False,
0.1,0.1,0.01,0.6,2,2.855423999999998e-01,-2.855423999999998e-01,4.417735111111107e-01,2.791132444444443e-01,1.028580025623077e+00,1.052042389482855e+00,6.429155555555177e-03,,False,True,False,False,
0.1,0.1,0.01,0.8,1,3.807231999999998e-01,-3.807231999999998e-01,5.890311999999995e-01,2.054844000000000e-01,1.371439824650982e+00,1.402722937135740e+00,1.752387999999996e-01,,False,True,False,False,
0.1,0.1,0.01,0.8,2,3.807231999999998e-01,-3.807231999999998e-01,5.890063111111103e-01,2.054968444444443e-01,1.371404626446763e+00,1.402681132042430e+00,1.752263555555550e-01,,False,True,False,False,
0.1,0.1,0.01,1.0,1,4.759039999999995e-01,-4.759039999999995e-01,7.362639999999995e-01,1.318679999999999e-01,1.714264425474668e+00,1.753361679645131e+00,3.440359999999993e-01,,False,True,False,False,
0.1,0.1,0.01,1.0,2,4.759039999999998e-01,-4.759039999999998e-01,7.362391111111106e-01,1.318804444444444e-01,1.714229227270450e+00,1.753319874918069e+00,3.440235555555551e-01,,False,True,False,False,
0.1,0.1,0.05,0.6,1,2.740053333333330e-01,-2.740053333333330e-01,4.092266666666666e-01,2.953866666666666e-01,9.662359606472939e-01,9.849779437250806e-01,0.000000000000000e+00,,False,False,False,False,
0.1,0.1,0.05,0.6,2,2.740053333333330e-01,-2.740053333333330e-01,4.086044444444442e-01,2.956977777777775e-01,9.653560055418171e-01,9.839441340134385e-01,0.000000000000000e+00,,False,False,False,False,
0.1,0.1,0.05,0.8,1,3.653404444444442e-01,-3.653404444444442e-01,5.448022222222217e-01,2.275988888888888e-01,1.287136102894414e+00,1.311919359846687e+00,1.377415555555551e-01,,False,True,False,False,
0.1,0.1,0.05,0.8,2,3.653404444444441e-01,-3.653404444444441e-01,5.441799999999994e-01,2.279099999999999e-01,1.286256147788937e+00,1.310885979399983e+00,1.374304444444439e-01,,False,True,False,False,
0.1,0.1,0.05,1.0,1,4.566755555555551e-01,-4.566755555555551e-01,6.803777777777772e-01,1.598111111111110e-01,1.608036245141534e+00,1.638861169880843e+00,2.968644444444437e-01,,False,True,False,False,
0.1,0.1,0.05,1.0,2,4.566755555555552e-01,-4.566755555555552e-01,6.797555555555550e-01,1.601222222222221e-01,1.607156290036058e+00,1.637828047568628e+00,2.965533333333327e-01,,False,True,False,False,
0.1,0.1,0.1,0.6,1,2.595839999999997e-01,-2.595839999999997e-01,3.750400000000000e-01,3.124799999999999e-01,8.974938678074624e-01,9.122255305701542e-01,0.000000000000000e+00,,False,False,False,False,
0.1,0.1,0.1,0.6,2,2.595839999999998e-01,-2.595839999999998e-01,3.725511111111107e-01,3.137244444444443e-01,8.939740473855557e-01,9.081369576140442e-01,0.000000000000000e+00,,False,False,False,False,
0.1,0.1,0.1,0.8,1,3.461119999999998e-01,-3.461119999999998e-01,4.967199999999995e-01,2.516399999999999e-01,1.191944445202039e+00,1.210824966614084e+00,9.447199999999950e-02,,False,True,False,False,
0.1,0.1,0.1,0.8,2,3.461119999999998e-01,-3.461119999999998e-01,4.942311111111106e-01,2.528844444444442e-01,1.188424624780133e+00,1.206744227637527e+00,9.322755555555506e-02,,False,True,False,False,
0.1,0.1,0.1,1.0,1,4.326399999999995e-01,-4.326399999999995e-01,6.183999999999995e-01,1.907999999999998e-01,1.486395022596616e+00,1.509431587850207e+00,2.418399999999993e-01,,False,True,False,False,
0.1,0.1,0.1,1.0,2,4.326399999999996e-01,-4.326399999999996e-01,6.159111111111109e-01,1.920444444444443e-01,1.482875202174710e+00,1.505355594389741e+00,2.405955555555550e-01,,False,True,False,False,
