d,q,gamma,ordering_class,T_xx,T_yy,T_zz,Q,fixed_chsh,s_max,diqkd_rate_raw,chsh_valid,chsh_sensitive,regime,shared_p,p
0.01,0.0,0.01,1,9.637759999999997e-01,-9.637759999999997e-01,9.542382399999996e-01,2.288088000000000e-02,2.712481751032723e+00,2.725970180579383e+00,5.916985659614886e-01,True,False,masked,True,0.01
0.01,0.0,0.01,2,9.637759999999996e-01,-9.637759999999996e-01,9.542355911111107e-01,2.288220444444445e-02,2.712478004938131e+00,2.725970180579383e+00,5.916851332849384e-01,True,False,masked,True,0.01
0.02,0.0,0.02,1,9.284302222222223e-01,-9.284302222222223e-01,9.102616177777775e-01,4.486919111111111e-02,2.600302937152740e+00,2.625997223967466e+00,3.177988840954862e-01,True,False,masked,True,0.02
0.02,0.0,0.02,2,9.284302222222223e-01,-9.284302222222223e-01,9.102405688888888e-01,4.487971555555557e-02,2.600273169528601e+00,2.625997223967466e+00,3.177124357910437e-01,True,False,masked,True,0.02
0.03,0.0,0.03,1,8.939519999999996e-01,-8.939519999999996e-01,8.680334399999997e-01,6.598327999999999e-02,2.491823705951924e+00,2.528478085021105e+00,9.616782496897114e-02,True,False,masked,True,0.03
0.03,0.0,0.03,2,8.939519999999997e-01,-8.939519999999997e-01,8.679628799999998e-01,6.601855999999998e-02,2.491723919042963e+00,2.528478085021105e+00,9.591741276204546e-02,True,False,masked,True,0.03
0.04,0.0,0.04,1,8.603306666666664e-01,-8.603306666666664e-01,8.275174400000000e-01,8.624127999999998e-02,2.386977683673750e+00,2.433382593850972e+00,-9.116446544058943e-02,True,False,masked,True,0.04
0.04,0.0,0.04,2,8.603306666666665e-01,-8.603306666666665e-01,8.273513244444441e-01,8.632433777777775e-02,2.386742760802162e+00,2.433382593850972e+00,-9.168869867594553e-02,True,False,masked,True,0.04
0.05,0.0,0.05,1,8.275555555555549e-01,-8.275555555555549e-01,7.886777777777775e-01,1.056611111111111e-01,2.285699099959474e+00,2.340680580567734e+00,-2.529547941226923e-01,True,False,masked,True,0.05
0.05,0.0,0.05,2,8.275555555555550e-01,-8.275555555555550e-01,7.883555555555550e-01,1.058222222222222e-01,2.285243408922709e+00,2.340680580567735e+00,-2.538740168856362e-01,True,False,masked,True,0.05
0.06,0.0,0.06,1,7.956159999999995e-01,-7.956159999999995e-01,7.514790399999997e-01,1.242604799999999e-01,2.187922787848144e+00,2.250341875282063e+00,-3.944941235120691e-01,True,False,masked,True,0.06
0.06,0.0,0.06,2,7.956159999999997e-01,-7.956159999999997e-01,7.509260799999997e-01,1.245369600000000e-01,2.187140784316695e+00,2.250341875282064e+00,-3.959354088639415e-01,True,False,masked,True,0.06
0.07,0.0,0.07,1,7.645013333333331e-01,-7.645013333333331e-01,7.158862399999997e-01,1.420568799999999e-01,2.093584183776594e+00,2.162336308104628e+00,-5.193669170111205e-01,True,False,masked,True,0.07
0.07,0.0,0.07,2,7.645013333333330e-01,-7.645013333333330e-01,7.150142577777778e-01,1.424928711111110e-01,2.092351014691779e+00,2.162336308104628e+00,-5.214591534943327e-01,True,False,masked,True,0.07
0.08,0.0,0.08,1,7.342008888888888e-01,-7.342008888888888e-01,6.818648177777776e-01,1.590675911111111e-01,2.002619327579440e+00,2.076633709146097e+00,-6.301827535894255e-01,True,False,masked,True,0.08
0.08,0.0,0.08,2,7.342008888888888e-01,-7.342008888888888e-01,6.805723022222223e-01,1.597138488888888e-01,2.000791434551196e+00,2.076633709146097e+00,-6.330534629955773e-01,True,False,masked,True,0.08
0.09,0.0,0.09,1,7.047039999999999e-01,-7.047039999999999e-01,6.493806400000000e-01,1.753096800000000e-01,1.914964862489089e+00,1.993203908517139e+00,,False,False,masked,True,0.09
0.09,0.0,0.09,2,7.047040000000000e-01,-7.047040000000000e-01,6.475532800000001e-01,1.762233600000001e-01,1.912380585193752e+00,1.993203908517139e+00,,False,False,masked,True,0.09
0.1,0.0,0.1,1,6.759999999999995e-01,-6.759999999999995e-01,6.183999999999996e-01,1.907999999999999e-01,1.830558035135733e+00,1.912016736328423e+00,,False,False,masked,True,0.1
0.1,0.0,0.1,2,6.759999999999995e-01,-6.759999999999995e-01,6.159111111111111e-01,1.920444444444443e-01,1.827038214713827e+00,1.912016736328423e+00,,False,False,masked,True,0.1
0.11,0.0,0.11,1,6.480782222222221e-01,-6.480782222222221e-01,5.888896177777777e-01,2.055551911111111e-01,1.749336695547352e+00,1.833042022690622e+00,,False,False,masked,True,0.11
0.11,0.0,0.11,2,6.480782222222220e-01,-6.480782222222220e-01,5.856005688888887e-01,2.071997155555556e-01,1.744685278001377e+00,1.833042022690622e+00,,False,False,masked,True,0.11
0.12,0.0,0.12,1,6.209280000000000e-01,-6.209280000000000e-01,5.608166400000002e-01,2.195916800000000e-01,1.671239297149711e+00,1.756249597714403e+00,,False,False,masked,True,0.12
0.12,0.0,0.12,2,6.209280000000000e-01,-6.209280000000000e-01,5.565772800000001e-01,2.217113600000000e-01,1.665243936741929e+00,1.756249597714403e+00,,False,False,masked,True,0.12
0.13,0.0,0.13,1,5.945386666666663e-01,-5.945386666666663e-01,5.341486399999994e-01,2.329256799999999e-01,1.596204896766359e+00,1.681609291510433e+00,,False,False,masked,True,0.13
0.13,0.0,0.13,2,5.945386666666661e-01,-5.945386666666661e-01,5.287977244444437e-01,2.356011377777777e-01,1.588637559416579e+00,1.681609291510432e+00,,False,False,masked,True,0.13
0.14,0.0,0.14,1,5.688995555555553e-01,-5.688995555555553e-01,5.088536177777774e-01,2.455731911111110e-01,1.524173154618640e+00,1.609090934189385e+00,,False,False,masked,True,0.14
0.14,0.0,0.14,2,5.688995555555554e-01,-5.688995555555554e-01,5.022192355555559e-01,2.488903822222222e-01,1.514790721302008e+00,1.609090934189385e+00,,False,False,masked,True,0.14
0.15,0.0,0.15,1,5.439999999999999e-01,-5.439999999999999e-01,4.848999999999998e-01,2.575499999999999e-01,1.455084334325677e+00,1.538664355861927e+00,,False,False,masked,True,0.15
0.15,0.0,0.15,2,5.440000000000002e-01,-5.440000000000002e-01,4.768000000000004e-01,2.616000000000000e-01,1.443629204470456e+00,1.538664355861928e+00,,False,False,masked,True,0.15
0.16,0.0,0.16,1,5.198293333333333e-01,-5.198293333333333e-01,4.622566399999997e-01,2.688716799999999e-01,1.388879302904381e+00,1.470299386638729e+00,,False,False,masked,True,0.16
0.16,0.0,0.16,2,5.198293333333331e-01,-5.198293333333331e-01,4.524990577777773e-01,2.737504711111111e-01,1.375079997789743e+00,1.470299386638728e+00,,False,False,masked,True,0.16
0.17,0.0,0.17,1,4.963768888888889e-01,-4.963768888888889e-01,4.408928177777780e-01,2.795535911111112e-01,1.325499530769453e+00,1.403965856630459e+00,,False,False,masked,True,0.17
0.17,0.0,0.17,2,4.963768888888890e-01,-4.963768888888890e-01,4.292763022222224e-01,2.853618488888889e-01,1.309071296923268e+00,1.403965856630459e+00,,False,False,masked,True,0.17
0.18,0.0,0.18,1,4.736320000000002e-01,-4.736320000000002e-01,4.207782400000003e-01,2.896108800000001e-01,1.264887091733376e+00,1.339633595947788e+00,,False,False,masked,True,0.18
0.18,0.0,0.18,2,4.736320000000002e-01,-4.736320000000002e-01,4.070924800000002e-01,2.964537600000000e-01,1.245532504329992e+00,1.339633595947788e+00,,False,False,masked,True,0.18
0.19,0.0,0.19,1,4.515839999999999e-01,-4.515839999999999e-01,4.018830399999999e-01,2.990584799999999e-01,1.206984663006420e+00,1.277272434701383e+00,,False,False,masked,True,0.19
0.19,0.0,0.19,2,4.515839999999999e-01,-4.515839999999999e-01,3.859091911111109e-01,3.070454044444444e-01,1.184394229264455e+00,1.277272434701383e+00,,False,False,masked,True,0.19
0.2,0.0,0.2,1,4.302222222222220e-01,-4.302222222222220e-01,3.841777777777777e-01,3.079111111111110e-01,1.151735525196648e+00,1.216852203001916e+00,,False,False,masked,True,0.2
0.2,0.0,0.2,2,4.302222222222220e-01,-4.302222222222220e-01,3.656888888888886e-01,3.171555555555552e-01,1.125588287776772e+00,1.216852203001916e+00,,False,False,masked,True,0.2
0.21,0.0,0.21,1,4.095359999999999e-01,-4.095359999999999e-01,3.676334400000001e-01,3.161832799999999e-01,1.099083562309903e+00,1.158342730960055e+00,,False,False,masked,True,0.21
0.21,0.0,0.21,2,4.095360000000000e-01,-4.095360000000000e-01,3.463948799999998e-01,3.268025600000000e-01,1.069047702712628e+00,1.158342730960056e+00,,False,False,masked,True,0.21
0.22,0.0,0.22,1,3.895146666666665e-01,-3.895146666666665e-01,3.522214400000001e-01,3.238892800000000e-01,1.048973261749817e+00,1.101713848686470e+00,,False,False,masked,True,0.22
0.22,0.0,0.22,2,3.895146666666666e-01,-3.895146666666666e-01,3.279913244444443e-01,3.360043377777777e-01,1.014706703713282e+00,1.101713848686470e+00,,False,False,masked,True,0.22
0.23,0.0,0.23,1,3.701475555555555e-01,-3.701475555555555e-01,3.379136177777776e-01,3.310431911111110e-01,1.001349714317807e+00,1.046935386291830e+00,,False,False,masked,True,0.23
0.23,0.0,0.23,2,3.701475555555555e-01,-3.701475555555555e-01,3.104432355555554e-01,3.447783822222221e-01,9.625007272155668e-01,1.046935386291830e+00,,False,False,masked,True,0.23
0.24,0.0,0.24,1,3.514239999999998e-01,-3.514239999999998e-01,3.246822399999997e-01,3.376588799999998e-01,9.561586142130780e-01,9.939771738868045e-01,,False,False,masked,True,0.24
0.24,0.0,0.24,2,3.514239999999997e-01,-3.514239999999997e-01,2.937164799999998e-01,3.531417599999997e-01,9.123664164518877e-01,9.939771738868044e-01,,False,False,masked,True,0.24
0.25,0.0,0.25,1,3.333333333333331e-01,-3.333333333333331e-01,3.124999999999998e-01,3.437499999999998e-01,9.133462590326232e-01,9.428090415820627e-01,,False,False,masked,True,0.25
0.25,0.0,0.25,2,3.333333333333331e-01,-3.333333333333331e-01,2.777777777777778e-01,3.611111111111108e-01,8.642416214502244e-01,9.428090415820627e-01,,False,False,masked,True,0.25
0.26,0.0,0.26,1,3.158648888888888e-01,-3.158648888888888e-01,3.013400177777779e-01,3.493299911111111e-01,8.728595497712202e-01,8.934008194882745e-01,,False,False,masked,True,0.26
0.26,0.0,0.26,2,3.158648888888889e-01,-3.158648888888889e-01,2.625947022222221e-01,3.687026488888888e-01,8.180653990341282e-01,8.934008194882748e-01,,False,False,masked,True,0.26
0.27,0.0,0.27,1,2.990079999999999e-01,-2.990079999999999e-01,2.911758400000000e-01,3.544120799999999e-01,8.346459908214326e-01,8.457223377161086e-01,,False,False,masked,True,0.27
0.27,0.0,0.27,2,2.990080000000000e-01,-2.990080000000000e-01,2.481356800000001e-01,3.759321600000000e-01,7.737780128227250e-01,8.457223377161088e-01,,False,False,masked,True,0.27
0.28,0.0,0.28,1,2.827519999999999e-01,-2.827519999999999e-01,2.819814399999999e-01,3.590092799999999e-01,7.986536899736121e-01,7.997434263762344e-01,,False,False,masked,True,0.28
0.28,0.0,0.28,2,2.827519999999999e-01,-2.827519999999999e-01,2.343699911111111e-01,3.828150044444444e-01,7.313209332307123e-01,7.997434263762346e-01,,False,False,masked,True,0.28
0.29,0.0,0.29,1,2.670862222222219e-01,-2.670862222222219e-01,2.737312177777778e-01,3.631343911111109e-01,7.648313584158973e-01,7.648890891810219e-01,,False,True,unmasked,True,0.29
0.29,0.0,0.29,2,2.670862222222219e-01,-2.670862222222219e-01,2.212677688888888e-01,3.893661155555553e-01,6.906368374683627e-01,7.554339155793213e-01,,False,False,masked,True,0.29
0.3,0.0,0.3,1,2.520000000000000e-01,-2.520000000000000e-01,2.663999999999999e-01,3.668000000000000e-01,7.331283107342121e-01,7.334110989070179e-01,,False,True,unmasked,True,0.3
0.3,0.0,0.3,2,2.520000000000001e-01,-2.520000000000001e-01,2.088000000000002e-01,3.956000000000000e-01,6.516696095415225e-01,7.127636354360400e-01,,False,False,masked,True,0.3
0.31,0.0,0.31,1,2.374826666666666e-01,-2.374826666666666e-01,2.599630400000000e-01,3.700184799999999e-01,7.034944649122682e-01,7.042124654765852e-01,,False,True,unmasked,True,0.31
0.31,0.0,0.31,2,2.374826666666666e-01,-2.374826666666666e-01,1.969385244444444e-01,4.015307377777778e-01,6.143643402516072e-01,6.717024160570576e-01,,False,False,masked,True,0.31
0.32,0.0,0.32,1,2.235235555555553e-01,-2.235235555555553e-01,2.543960177777777e-01,3.728019911111110e-01,6.758803423315625e-01,6.772890483372334e-01,,False,True,unmasked,True,0.32
0.32,0.0,0.32,2,2.235235555555553e-01,-2.235235555555553e-01,1.856560355555551e-01,4.071719822222221e-01,5.786673271956099e-01,6.322200875530447e-01,,False,False,masked,True,0.32
0.33,0.0,0.33,1,2.101119999999999e-01,-2.101119999999999e-01,2.496750399999999e-01,3.751624799999999e-01,6.502370677713805e-01,6.526398030859029e-01,,False,True,unmasked,True,0.33
0.33,0.0,0.33,2,2.101120000000000e-01,-2.101120000000000e-01,1.749260799999999e-01,4.125369599999997e-01,5.445260747660965e-01,5.942864800346713e-01,,False,False,masked,True,0.33
0.34,0.0,0.34,1,1.972373333333333e-01,-1.972373333333333e-01,2.457766400000000e-01,3.771116799999999e-01,6.265163694087926e-01,6.302657294511071e-01,,False,True,unmasked,True,0.34
0.34,0.0,0.34,2,1.972373333333334e-01,-1.972373333333334e-01,1.647230577777778e-01,4.176384711111110e-01,5.118892941512032e-01,5.578714236126060e-01,,False,False,masked,True,0.34
0.35,0.0,0.35,1,1.848888888888890e-01,-1.848888888888890e-01,2.426777777777779e-01,3.786611111111112e-01,6.046705788186566e-01,6.101685179087117e-01,,False,True,unmasked,True,0.35
0.35,0.0,0.35,2,1.848888888888890e-01,-1.848888888888890e-01,1.550222222222223e-01,4.224888888888890e-01,4.807069033346416e-01,5.229447483975180e-01,,False,False,masked,True,0.35
0.36,0.0,0.36,1,1.730560000000001e-01,-1.730560000000001e-01,2.403558400000000e-01,3.798220799999998e-01,5.846526309736161e-01,5.923489139286258e-01,,False,True,unmasked,True,0.36
0.36,0.0,0.36,2,1.730560000000001e-01,-1.730560000000001e-01,1.457996800000000e-01,4.271001600000000e-01,4.509300270956957e-01,4.894762845000770e-01,,False,False,masked,True,0.36
0.37,0.0,0.37,1,1.617280000000000e-01,-1.617280000000000e-01,2.387886399999999e-01,3.806056799999998e-01,5.664160642441023e-01,5.768048563493533e-01,,False,True,unmasked,True,0.37
0.37,0.0,0.37,2,1.617280000000000e-01,-1.617280000000000e-01,1.370323911111112e-01,4.314838044444441e-01,4.225109970092238e-01,4.574358620309519e-01,,False,False,masked,True,0.37
0.38,0.0,0.38,1,1.508942222222223e-01,-1.508942222222223e-01,2.379544177777779e-01,3.810227911111110e-01,5.499150203983334e-01,5.635294889888572e-01,,False,True,unmasked,True,0.38
0.38,0.0,0.38,2,1.508942222222223e-01,-1.508942222222223e-01,1.286981688888890e-01,4.356509155555556e-01,3.954033514456565e-01,4.267933111008130e-01,,False,False,masked,True,0.38
0.39,0.0,0.39,1,1.405440000000000e-01,-1.405440000000000e-01,2.378318400000001e-01,3.810840800000000e-01,5.351042446023122e-01,5.525091856387028e-01,,False,True,unmasked,True,0.39
0.39,0.0,0.39,2,1.405440000000000e-01,-1.405440000000000e-01,1.207756800000002e-01,4.396121599999998e-01,3.695618355709975e-01,3.975184618203285e-01,,False,False,masked,True,0.39
0.4,0.0,0.4,1,1.306666666666667e-01,-1.306666666666667e-01,2.384000000000001e-01,3.808000000000000e-01,5.219390854198303e-01,5.437217589090133e-01,,False,True,unmasked,True,0.4
0.4,0.0,0.4,2,1.306666666666667e-01,-1.306666666666667e-01,1.132444444444444e-01,4.433777777777776e-01,3.449424013468242e-01,3.695811443001690e-01,,False,False,masked,True,0.4
0.41,0.0,0.41,1,1.212515555555556e-01,-1.212515555555556e-01,2.396384177777779e-01,3.801807911111111e-01,5.103754948124648e-01,5.371350333004868e-01,,False,True,unmasked,True,0.41
0.41,0.0,0.41,2,1.212515555555556e-01,-1.212515555555556e-01,1.060848355555558e-01,4.469575822222221e-01,3.215022075302880e-01,3.429511886510031e-01,,False,False,masked,True,0.41
0.42,0.0,0.42,1,1.122880000000000e-01,-1.122880000000000e-01,2.415270399999999e-01,3.792364800000000e-01,5.003700281395790e-01,5.327059451335663e-01,,False,True,unmasked,True,0.42
0.42,0.0,0.42,2,1.122880000000000e-01,-1.122880000000000e-01,9.927807999999988e-02,4.503609599999999e-01,2.991996196741110e-01,3.175984249835003e-01,,False,False,masked,True,0.42
0.43,0.0,0.43,1,1.037653333333333e-01,-1.037653333333333e-01,2.440462399999999e-01,3.779768800000000e-01,4.918798441583241e-01,5.303802849273918e-01,,False,True,unmasked,True,0.43
0.43,0.0,0.43,2,1.037653333333333e-01,-1.037653333333333e-01,9.280625777777765e-02,4.535968711111110e-01,2.779942101265917e-01,2.934926834083301e-01,,False,False,masked,True,0.43
0.44,0.0,0.44,1,9.567288888888886e-02,-9.567288888888886e-02,2.471768177777778e-01,3.764115911111111e-01,4.848627050236374e-01,5.300931273468633e-01,,False,True,unmasked,True,0.44
0.44,0.0,0.44,2,9.567288888888888e-02,-9.567288888888888e-02,8.665230222222245e-02,4.566738488888890e-01,2.578467580316001e-01,2.706037940361617e-01,,False,False,masked,True,0.44
0.45,0.0,0.45,1,8.799999999999998e-02,-8.799999999999998e-02,2.509000000000001e-01,3.745500000000000e-01,4.792769762882421e-01,5.317699126501990e-01,,False,True,unmasked,True,0.45
0.45,0.0,0.45,2,8.799999999999999e-02,-8.799999999999999e-02,8.080000000000004e-02,4.596000000000001e-01,2.387192493285785e-01,2.489015869776647e-01,,False,False,masked,True,0.45
0.46,0.0,0.46,1,8.073599999999999e-02,-8.073599999999999e-02,2.551974399999999e-01,3.724012800000001e-01,4.750816269026482e-01,5.353280679305114e-01,,False,True,unmasked,True,0.46
0.46,0.0,0.46,2,8.073599999999999e-02,-8.073599999999999e-02,7.523399111111093e-02,4.623830044444445e-01,2.205748767525441e-01,2.283558923435084e-01,,False,False,masked,True,0.46
0.47,0.0,0.47,1,7.387022222222223e-02,-7.387022222222223e-02,2.600512177777777e-01,3.699743911111110e-01,4.722362292151536e-01,5.406790012525572e-01,,False,True,unmasked,True,0.47
0.47,0.0,0.47,2,7.387022222222223e-02,-7.387022222222223e-02,6.993976888888900e-02,4.650301155555554e-01,2.033780398340878e-01,2.089365402443621e-01,,False,False,masked,True,0.47
0.48,0.0,0.48,1,6.739200000000006e-02,-6.739200000000006e-02,2.654438400000000e-01,3.672780800000002e-01,4.707009589718414e-01,5.477302761686471e-01,,False,True,unmasked,True,0.48
0.48,0.0,0.48,2,6.739200000000005e-02,-6.739200000000005e-02,6.490367999999996e-02,4.675481600000002e-01,1.870943448993710e-01,1.906133607908954e-01,,False,False,masked,True,0.48
0.49,0.0,0.49,1,6.129066666666665e-02,-6.129066666666665e-02,2.713582400000000e-01,3.643208800000001e-01,4.704365953165818e-01,5.563877792918965e-01,,False,True,unmasked,True,0.49
0.49,0.0,0.49,2,6.129066666666664e-02,-6.129066666666664e-02,6.011292444444455e-02,4.699435377777776e-01,1.716906050701312e-01,1.733561840937771e-01,,False,False,masked,True,0.49
0.5,0.0,0.5,1,5.555555555555558e-02,-5.555555555555558e-02,2.777777777777778e-01,3.611111111111113e-01,4.714045207910317e-01,5.665577237325318e-01,,False,True,unmasked,True,0.5
0.5,0.0,0.5,2,5.555555555555558e-02,-5.555555555555558e-02,5.555555555555547e-02,4.722222222222222e-01,1.571348402636771e-01,1.571348402636773e-01,,False,False,masked,True,0.5
0.51,0.0,0.51,1,5.017599999999994e-02,-5.017599999999994e-02,2.846862399999999e-01,3.576568799999998e-01,4.735667213346342e-01,5.781483761849983e-01,,False,True,unmasked,True,0.51
0.51,0.0,0.51,2,5.017599999999994e-02,-5.017599999999994e-02,5.122047999999993e-02,4.743897599999999e-01,1.433962771928921e-01,1.434038848487779e-01,,False,True,unmasked,True,0.51
0.52,0.0,0.52,1,4.514133333333332e-02,-4.514133333333332e-02,2.920678399999999e-01,3.539660799999998e-01,4.768857862846196e-01,5.910714445390731e-01,,False,True,unmasked,True,0.52
0.52,0.0,0.52,2,4.514133333333332e-02,-4.514133333333332e-02,4.709745777777774e-02,4.764512711111110e-01,1.304453493662321e-01,1.304746796009198e-01,,False,True,unmasked,True,0.52
0.53,0.0,0.53,1,4.044088888888889e-02,-4.044088888888889e-02,2.999072177777777e-01,3.500463911111110e-01,4.813249083760046e-01,6.052431074182699e-01,,False,True,unmasked,True,0.53
0.53,0.0,0.53,2,4.044088888888891e-02,-4.044088888888891e-02,4.317710222222218e-02,4.784114488888888e-01,1.182536970877262e-01,1.183169920245048e-01,,False,True,unmasked,True,0.53
0.54,0.0,0.54,1,3.606399999999998e-02,-3.606399999999998e-02,3.081894400000000e-01,3.459052800000000e-01,4.868478837415927e-01,6.205847017886071e-01,,False,True,unmasked,True,0.54
0.54,0.0,0.54,2,3.606399999999998e-02,-3.606399999999998e-02,3.945087999999988e-02,4.802745600000002e-01,1.067941674569766e-01,1.069015253169830e-01,,False,True,unmasked,True,0.54
0.55,0.0,0.55,1,3.199999999999999e-02,-3.199999999999999e-02,3.168999999999998e-01,3.415499999999999e-01,4.934191119119725e-01,6.370231079011182e-01,,False,True,unmasked,True,0.55
0.55,0.0,0.55,2,3.200000000000001e-02,-3.200000000000001e-02,3.591111111111114e-02,4.820444444444443e-01,9.604081436915957e-02,9.619995636661319e-02,,False,True,unmasked,True,0.55
0.56,0.0,0.56,1,2.823822222222220e-02,-2.823822222222220e-02,3.260248177777777e-01,3.369875911111110e-01,5.010035958155221e-01,6.544908830573724e-01,,False,True,unmasked,True,0.56
0.56,0.0,0.56,2,2.823822222222220e-02,-2.823822222222220e-02,3.255096888888886e-02,4.837245155555553e-01,8.596889851502332e-02,8.618498175150968e-02,,False,True,unmasked,True,0.56
0.57,0.0,0.57,1,2.476799999999999e-02,-2.476799999999999e-02,3.355502399999998e-01,3.322248799999998e-01,5.095669417784034e-01,6.729261991869762e-01,,False,True,unmasked,True,0.57
0.57,0.0,0.57,2,2.476799999999999e-02,-2.476799999999999e-02,2.936447999999997e-02,4.853177599999998e-01,7.655488738089028e-02,7.683037185047063e-02,,False,True,unmasked,True,0.57
0.58,0.0,0.58,1,2.157866666666668e-02,-2.157866666666668e-02,3.454630399999999e-01,3.272684800000001e-01,5.190753595245672e-01,6.922726366429708e-01,,False,True,unmasked,True,0.58
0.58,0.0,0.58,2,2.157866666666669e-02,-2.157866666666669e-02,2.634652444444452e-02,4.868267377777778e-01,6.777645524865597e-02,6.811103303908478e-02,,False,True,unmasked,True,0.58
0.59,0.0,0.59,1,1.865955555555555e-02,-1.865955555555555e-02,3.557504177777778e-01,3.221247911111110e-01,5.294956621757487e-01,7.124788804240988e-01,,False,True,unmasked,True,0.59
0.59,0.0,0.59,2,1.865955555555556e-02,-1.865955555555556e-02,2.349283555555565e-02,4.882535822222221e-01,5.961248319578860e-02,6.000307778676838e-02,,False,True,unmasked,True,0.59
0.6,0.0,0.6,1,1.599999999999999e-02,-1.599999999999999e-02,3.663999999999999e-01,3.167999999999999e-01,5.407952662514715e-01,7.334983571897076e-01,,False,True,unmasked,True,0.6
0.6,0.0,0.6,2,1.599999999999999e-02,-1.599999999999999e-02,2.080000000000001e-02,4.896000000000000e-01,5.204305909532987e-02,5.248390229394154e-02,,False,True,unmasked,True,0.6
0.61,0.0,0.61,1,1.358933333333331e-02,-1.358933333333331e-02,3.773998399999999e-01,3.113000799999999e-01,5.529421916690447e-01,7.552888433241153e-01,,False,True,unmasked,True,0.61
0.61,0.0,0.61,2,1.358933333333331e-02,-1.358933333333331e-02,1.826545777777777e-02,4.908672711111108e-01,4.504947761589523e-02,4.553227111736143e-02,,False,True,unmasked,True,0.61
0.62,0.0,0.62,1,1.141688888888890e-02,-1.141688888888890e-02,3.887384177777778e-01,3.056307911111110e-01,5.659050617435650e-01,7.778120667828994e-01,,False,True,unmasked,True,0.62
0.62,0.0,0.62,2,1.141688888888890e-02,-1.141688888888890e-02,1.588750222222232e-02,4.920562488888888e-01,3.861424022167293e-02,3.912840803111489e-02,,False,True,unmasked,True,0.62
0.63,0.0,0.63,1,9.471999999999998e-03,-9.471999999999998e-03,4.004046400000001e-01,2.997976799999998e-01,5.796531031879146e-01,8.010333189512897e-01,,False,True,unmasked,True,0.63
0.63,0.0,0.63,2,9.471999999999994e-03,-9.471999999999994e-03,1.366527999999992e-02,4.931673599999997e-01,3.272105517242364e-02,3.325409216793612e-02,,False,True,unmasked,True,0.63
0.64,0.0,0.64,1,7.744000000000003e-03,-7.744000000000003e-03,4.123878400000001e-01,2.938060800000000e-01,5.941561461127634e-01,8.249210874159193e-01,,False,True,unmasked,True,0.64
0.64,0.0,0.64,2,7.744000000000015e-03,-7.744000000000015e-03,1.159879111111109e-02,4.942006044444445e-01,2.735483752348310e-02,2.789275828878814e-02,,False,True,unmasked,True,0.64
0.65,0.0,0.65,1,6.222222222222237e-03,-6.222222222222237e-03,4.246777777777777e-01,2.876611111111110e-01,6.093846240265665e-01,8.494467163693183e-01,,False,True,unmasked,True,0.65
0.65,0.0,0.65,2,6.222222222222230e-03,-6.222222222222230e-03,9.688888888888775e-03,4.951555555555556e-01,2.250170912575844e-02,2.302959984749613e-02,,False,True,unmasked,True,0.65
0.66,0.0,0.66,1,4.895999999999988e-03,-4.895999999999988e-03,4.372646400000001e-01,2.813676799999999e-01,6.253095738355676e-01,8.745840982097255e-01,,False,True,unmasked,True,0.66
0.66,0.0,0.66,2,4.895999999999984e-03,-4.895999999999984e-03,7.937280000000074e-03,4.960313599999998e-01,1.814899862573146e-02,1.865167336175508e-02,,False,True,unmasked,True,0.66
0.67,0.0,0.67,1,3.754666666666667e-03,-3.754666666666667e-03,4.501390400000001e-01,2.749304800000000e-01,6.419026358437955e-01,9.003093976048444e-01,,False,True,unmasked,True,0.67
0.67,0.0,0.67,2,3.754666666666670e-03,-3.754666666666670e-03,6.346524444444446e-03,4.968267377777776e-01,1.428524146545582e-02,1.474800248192394e-02,,False,True,unmasked,True,0.67
0.68,0.0,0.68,1,2.787555555555565e-03,-2.787555555555565e-03,4.632920177777776e-01,2.683539911111110e-01,6.591360537530654e-01,9.266008076892226e-01,,False,True,unmasked,True,0.68
0.68,0.0,0.68,2,2.787555555555557e-03,-2.787555555555557e-03,4.920035555555619e-03,4.975399822222221e-01,1.090017988255973e-02,1.130968007385534e-02,,False,True,unmasked,True,0.68
0.69,0.0,0.69,1,1.984000000000001e-03,-1.984000000000001e-03,4.767150399999995e-01,2.616424799999999e-01,6.769826746629801e-01,9.534383370060199e-01,,False,True,unmasked,True,0.69
0.69,0.0,0.69,2,1.984000000000003e-03,-1.984000000000003e-03,3.662080000000012e-03,4.981689599999997e-01,7.984762910243505e-03,8.329966608912692e-03,,False,True,unmasked,True,0.69
0.7,0.0,0.7,1,1.333333333333347e-03,-1.333333333333347e-03,4.903999999999999e-01,2.548000000000000e-01,6.954159490709297e-01,9.808036251519011e-01,,False,True,unmasked,True,0.7
0.7,0.0,0.7,2,1.333333333333346e-03,-1.333333333333346e-03,2.577777777777845e-03,4.987111111111112e-01,5.531146377281606e-03,5.804383188378623e-03,,False,True,unmasked,True,0.7
0.71,0.0,0.71,1,8.248888888888963e-04,-8.248888888888963e-04,5.043392177777777e-01,2.478303911111112e-01,7.144099308720888e-01,1.008679784729286e+00,,False,True,unmasked,True,0.71
0.71,0.0,0.71,2,8.248888888888924e-04,-8.248888888888924e-04,1.673102222222278e-03,4.991634488888889e-01,3.532692908020824e-03,3.730797622502446e-03,,False,True,unmasked,True,0.71
0.72,0.0,0.72,1,4.479999999999973e-04,-4.479999999999973e-04,5.185254399999998e-01,2.407372800000000e-01,7.339392773594194e-01,1.037051267066760e+00,,False,True,unmasked,True,0.72
0.72,0.0,0.72,2,4.479999999999970e-04,-4.479999999999970e-04,9.548800000000190e-04,4.995225599999998e-01,1.983971922381928e-03,2.109502135007247e-03,,False,True,unmasked,True,0.72
0.73,0.0,0.73,1,1.920000000000064e-04,-1.920000000000064e-04,5.329518399999998e-01,2.335240800000000e-01,7.539792492236712e-01,1.065903749169475e+00,,False,True,unmasked,True,0.73
0.73,0.0,0.73,2,1.920000000000081e-04,-1.920000000000081e-04,4.307911111111895e-04,4.997846044444445e-01,8.807596358589298e-04,9.432814668218949e-04,,False,True,unmasked,True,0.73
0.74,0.0,0.74,1,4.622222222221473e-05,-4.622222222221473e-05,5.476120177777779e-01,2.261939911111112e-01,7.745057105533795e-01,1.095224039457029e+00,,False,True,unmasked,True,0.74
0.74,0.0,0.74,2,4.622222222222180e-05,-4.622222222222180e-05,1.093688888888222e-04,4.999453155555557e-01,2.200390595179624e-04,2.374703997043505e-04,,False,True,unmasked,True,0.74
0.75,0.0,0.75,1,0.000000000000000e+00,0.000000000000000e+00,5.624999999999998e-01,2.187499999999999e-01,7.954951288348657e-01,1.125000000000000e+00,,False,True,unmasked,True,0.75
0.75,0.0,0.75,2,0.000000000000000e+00,0.000000000000000e+00,0.000000000000000e+00,4.999999999999999e-01,0.000000000000000e+00,0.000000000000000e+00,,False,True,unmasked,True,0.75
0.76,0.0,0.76,1,4.266666666666640e-05,-4.266666666666640e-05,5.776102399999998e-01,2.111948799999999e-01,8.169245749522392e-01,1.155220483151683e+00,,False,True,unmasked,True,0.76
0.76,0.0,0.76,2,4.266666666666828e-05,-4.266666666666828e-05,1.129244444445510e-04,4.999435377777776e-01,2.200390595182163e-04,2.414321817617118e-04,,False,True,unmasked,True,0.76
0.77,0.0,0.77,1,1.635555555555481e-04,-1.635555555555481e-04,5.929376177777776e-01,2.035311911111110e-01,8.387717231873957e-01,1.185875280670621e+00,,False,True,unmasked,True,0.77
0.77,0.0,0.77,2,1.635555555555487e-04,-1.635555555555487e-04,4.592355555555205e-04,4.997703822222221e-01,8.807596358586410e-04,9.749824926417331e-04,,False,True,unmasked,True,0.77
0.78,0.0,0.78,1,3.520000000000009e-04,-3.520000000000009e-04,6.084774399999999e-01,1.957612799999999e-01,8.610148512200162e-01,1.216955083629554e+00,,False,True,unmasked,True,0.78
0.78,0.0,0.78,2,3.519999999999964e-04,-3.519999999999964e-04,1.050879999999921e-03,4.994745599999999e-01,1.983971922381822e-03,2.216531321141058e-03,,False,True,unmasked,True,0.78
0.79,0.0,0.79,1,5.973333333333295e-04,-5.973333333333295e-04,6.242254399999999e-01,1.878872799999999e-01,8.836328401275699e-01,1.248451451599628e+00,,False,True,unmasked,True,0.79
0.79,0.0,0.79,2,5.973333333333299e-04,-5.973333333333299e-04,1.900657777777703e-03,4.990496711111111e-01,3.532692908020671e-03,3.984623996985404e-03,,False,True,unmasked,True,0.79
0.8,0.0,0.8,1,8.888888888888887e-04,-8.888888888888887e-04,6.401777777777774e-01,1.799111111111109e-01,9.066051743853115e-01,1.280356789780021e+00,,False,True,unmasked,True,0.8
0.8,0.0,0.8,2,8.888888888888904e-04,-8.888888888888904e-04,3.022222222222343e-03,4.984888888888884e-01,5.531146377281606e-03,6.300460496593779e-03,,False,True,unmasked,True,0.8
0.81,0.0,0.81,1,1.216000000000003e-03,-1.216000000000003e-03,6.563310400000001e-01,1.718344799999999e-01,9.299119418662839e-01,1.312664332909951e+00,,False,True,unmasked,True,0.81
0.81,0.0,0.81,2,1.216000000000002e-03,-1.216000000000002e-03,4.430079999999920e-03,4.977849600000001e-01,7.984762910243326e-03,9.187875664461137e-03,,False,True,unmasked,True,0.81
0.82,0.0,0.82,1,1.568000000000001e-03,-1.568000000000001e-03,6.726822400000000e-01,1.636588800000001e-01,9.535338338413141e-01,1.345368134951051e+00,,False,True,unmasked,True,0.82
0.82,0.0,0.82,2,1.567999999999998e-03,-1.567999999999998e-03,6.139591111111203e-03,4.969302044444445e-01,1.090017988255974e-02,1.267331101356480e-02,,False,True,unmasked,True,0.82
0.83,0.0,0.83,1,1.934222222222223e-03,-1.934222222222223e-03,6.892288177777777e-01,1.553855911111111e-01,9.774521449790176e-01,1.378463063663235e+00,,False,True,unmasked,True,0.83
0.83,0.0,0.83,2,1.934222222222224e-03,-1.934222222222224e-03,8.166968888888931e-03,4.959165155555557e-01,1.428524146545589e-02,1.678577927139732e-02,,False,True,unmasked,True,0.83
0.84,0.0,0.84,1,2.304000000000000e-03,-2.304000000000000e-03,7.059686399999995e-01,1.470156799999999e-01,1.001648773345796e+00,1.411944799316813e+00,,False,True,unmasked,True,0.84
0.84,0.0,0.84,2,2.303999999999995e-03,-2.303999999999995e-03,1.052927999999997e-02,4.947353599999996e-01,1.814899862573135e-02,2.155682289377537e-02,,False,True,unmasked,True,0.84
0.85,0.0,0.85,1,2.666666666666667e-03,-2.666666666666667e-03,7.228999999999999e-01,1.385500000000000e-01,1.026106220405838e+00,1.445809836888809e+00,,False,True,unmasked,True,0.85
0.85,0.0,0.85,2,2.666666666666666e-03,-2.666666666666666e-03,1.324444444444456e-02,4.933777777777777e-01,2.250170912575873e-02,2.702046777930311e-02,,False,True,unmasked,True,0.85
0.86,0.0,0.86,1,3.011555555555553e-03,-3.011555555555553e-03,7.400216177777775e-01,1.299891911111111e-01,1.050807591021119e+00,1.480055491183088e+00,,False,True,unmasked,True,0.86
0.86,0.0,0.86,2,3.011555555555554e-03,-3.011555555555554e-03,1.633123555555549e-02,4.918343822222220e-01,2.735483752348303e-02,3.321317338859612e-02,,False,True,unmasked,True,0.86
0.87,0.0,0.87,1,3.328000000000000e-03,-3.328000000000000e-03,7.573326399999997e-01,1.213336800000000e-01,1.075736593451398e+00,1.514679904393492e+00,,False,True,unmasked,True,0.87
0.87,0.0,0.87,2,3.328000000000000e-03,-3.328000000000000e-03,1.980927999999987e-02,4.900953599999999e-01,3.272105517242358e-02,4.017378041053119e-02,,False,True,unmasked,True,0.87
0.88,0.0,0.88,1,3.605333333333336e-03,-3.605333333333336e-03,7.748326400000003e-01,1.125836800000000e-01,1.100877539354226e+00,1.549682055697638e+00,,False,True,unmasked,True,0.88
0.88,0.0,0.88,2,3.605333333333335e-03,-3.605333333333335e-03,2.369905777777773e-02,4.881504711111112e-01,3.861424022167267e-02,4.794345703008458e-02,,False,True,unmasked,True,0.88
0.89,0.0,0.89,1,3.832888888888892e-03,-3.832888888888892e-03,7.925216177777779e-01,1.037391911111111e-01,1.126215343784935e+00,1.585061772527924e+00,,False,True,unmasked,True,0.89
0.89,0.0,0.89,2,3.832888888888893e-03,-3.832888888888893e-03,2.802190222222228e-02,4.859890488888890e-01,4.504947761589534e-02,5.656564474613028e-02,,False,True,unmasked,True,0.89
0.9,0.0,0.9,1,3.999999999999995e-03,-3.999999999999995e-03,8.103999999999995e-01,9.479999999999991e-02,1.151735525196648e+00,1.620819743216375e+00,,False,True,unmasked,True,0.9
0.9,0.0,0.9,2,3.999999999999995e-03,-3.999999999999995e-03,3.279999999999991e-02,4.835999999999996e-01,5.204305909532979e-02,6.608600456980265e-02,,False,True,unmasked,True,0.9
0.91,0.0,0.91,1,4.096000000000002e-03,-4.096000000000002e-03,8.284686400000001e-01,8.576567999999997e-02,1.177424205440274e+00,1.656957530752614e+00,,False,True,unmasked,True,0.91
0.91,0.0,0.91,2,4.096000000000002e-03,-4.096000000000002e-03,3.805639111111114e-02,4.809718044444444e-01,5.961248319578845e-02,7.655236431102201e-02,,False,True,unmasked,True,0.91
0.92,0.0,0.92,1,4.110222222222223e-03,-4.110222222222224e-03,8.467288177777776e-01,7.663559111111107e-02,1.203268109764504e+00,1.693477587430160e+00,,False,True,unmasked,True,0.92
0.92,0.0,0.92,2,4.110222222222223e-03,-4.110222222222223e-03,4.381496888888886e-02,4.780925155555554e-01,6.777645524865569e-02,8.801466753786776e-02,,False,True,unmasked,True,0.92
0.93,0.0,0.93,1,4.032000000000001e-03,-4.032000000000001e-03,8.651822400000002e-01,6.740887999999996e-02,1.229254566815823e+00,1.730383270186600e+00,,False,True,unmasked,True,0.93
0.93,0.0,0.93,2,4.031999999999999e-03,-4.031999999999999e-03,5.010048000000017e-02,4.749497599999999e-01,7.655488738089056e-02,1.005249246750360e-01,,False,True,unmasked,True,0.93
0.94,0.0,0.94,1,3.850666666666665e-03,-3.850666666666665e-03,8.838310399999992e-01,5.808448000000000e-02,1.255371508638494e+00,1.767678856468287e+00,,False,True,unmasked,True,0.94
0.94,0.0,0.94,2,3.850666666666666e-03,-3.850666666666664e-03,5.693852444444442e-02,4.715307377777775e-01,8.596889851502323e-02,1.141371665968342e-01,,False,True,unmasked,True,0.94
0.95,0.0,0.95,1,3.555555555555559e-03,-3.555555555555557e-03,9.026777777777777e-01,4.866111111111117e-02,1.281607470674577e+00,1.805369560471358e+00,,False,True,unmasked,True,0.95
0.95,0.0,0.95,2,3.555555555555557e-03,-3.555555555555557e-03,6.435555555555547e-02,4.678222222222223e-01,9.604081436915943e-02,1.289074009694219e-01,,False,True,unmasked,True,0.95
0.96,0.0,0.96,1,3.136000000000002e-03,-3.136000000000002e-03,9.217254399999999e-01,3.913728000000004e-02,1.307951591763910e+00,1.843461549627975e+00,,False,True,unmasked,True,0.96
0.96,0.0,0.96,2,3.136000000000002e-03,-3.136000000000002e-03,7.237887999999990e-02,4.638105600000001e-01,1.067941674569766e-01,1.448935715075639e-01,,False,True,unmasked,True,0.96
0.97,0.0,0.97,1,2.581333333333335e-03,-2.581333333333335e-03,9.409774399999997e-01,2.951128000000002e-02,1.334393614144121e+00,1.881961961221035e+00,,False,True,unmasked,True,0.97
0.97,0.0,0.97,2,2.581333333333335e-03,-2.581333333333335e-03,8.103665777777783e-02,4.594816711111109e-01,1.182536970877263e-01,1.621555202337615e-01,,False,True,unmasked,True,0.97
0.98,0.0,0.98,1,1.880888888888889e-03,-1.880888888888889e-03,9.604376177777771e-01,1.978119111111112e-02,1.360923883450623e+00,1.920878919021877e+00,,False,True,unmasked,True,0.98
0.98,0.0,0.98,2,1.880888888888889e-03,-1.880888888888889e-03,9.035790222222223e-02,4.548210488888887e-01,1.304453493662322e-01,1.807549527621638e-01,,False,True,unmasked,True,0.98
0.99,0.0,0.99,1,1.024000000000001e-03,-1.024000000000001e-03,9.801102399999996e-01,9.944880000000007e-03,1.387533348716618e+00,1.960221549854870e+00,,False,True,unmasked,True,0.99
0.99,0.0,0.99,2,1.024000000000000e-03,-1.024000000000000e-03,1.003724800000000e-01,4.498137599999998e-01,1.433962771928924e-01,2.007554065757673e-01,,False,True,unmasked,True,0.99
