d,q,gamma,ordering_class,concurrence,T_xx,T_zz,Q,fixed_chsh,s_max,entangled,shared_p,p
0.01,0.01,0.01,1,9.027295903999993e-01,9.256104703999996e-01,9.542382399999996e-01,2.288088000000000e-02,2.658507541457251e+00,2.658815797750875e+00,True,True,0.01
0.01,0.01,0.01,2,9.027282659555549e-01,9.256104703999996e-01,9.542355911111107e-01,2.288220444444445e-02,2.658503795362659e+00,2.658811995051384e+00,True,True,0.01
0.02,0.02,0.02,1,8.107721016888891e-01,8.556412928000002e-01,9.102616177777777e-01,4.486919111111112e-02,2.497363845973216e+00,2.498558172021514e+00,True,True,0.02
0.02,0.02,0.02,2,8.107615772444446e-01,8.556412928000001e-01,9.102405688888890e-01,4.487971555555557e-02,2.497334078349077e+00,2.498527498504368e+00,True,True,0.02
0.03,0.03,0.03,1,7.239127071999996e-01,7.898959871999996e-01,8.680334399999997e-01,6.598327999999998e-02,2.344666281403696e+00,2.347268815924495e+00,True,True,0.03
0.03,0.03,0.03,2,7.238774271999995e-01,7.898959871999996e-01,8.679628799999998e-01,6.601855999999998e-02,2.344566494494735e+00,2.347164443879087e+00,True,True,0.03
0.04,0.04,0.04,1,6.419425962666663e-01,7.281838762666664e-01,8.275174399999999e-01,8.624127999999998e-02,2.200093900465995e+00,2.204574218445730e+00,True,True,0.04
0.04,0.04,0.04,2,6.418595384888883e-01,7.281838762666663e-01,8.273513244444441e-01,8.632433777777775e-02,2.199858977594407e+00,2.204324814281891e+00,True,True,0.04
0.05,0.05,0.05,1,5.646588888888879e-01,6.703199999999992e-01,7.886777777777773e-01,1.056611111111110e-01,2.063334444805538e+00,2.070112595546911e+00,True,True,0.05
0.05,0.05,0.05,2,5.644977777777769e-01,6.703199999999995e-01,7.883555555555548e-01,1.058222222222221e-01,2.062878753768774e+00,2.069621592828319e+00,True,True,0.05
0.06,0.06,0.06,1,4.918645503999994e-01,6.161250303999996e-01,7.514790399999997e-01,1.242604799999999e-01,1.934084224316328e+00,1.943533689591947e+00,True,True,0.06
0.06,0.06,0.06,2,4.915880703999995e-01,6.161250303999997e-01,7.509260799999997e-01,1.245369599999999e-01,1.933302220784878e+00,1.942678594837104e+00,True,True,0.06
0.07,0.07,0.07,1,4.233683061333327e-01,5.654251861333329e-01,7.158862399999995e-01,1.420568799999999e-01,1.812047996461371e+00,1.824498560958874e+00,True,True,0.07
0.07,0.07,0.07,2,4.229323150222219e-01,5.654251861333330e-01,7.150142577777777e-01,1.424928711111110e-01,1.810814827376557e+00,1.823130307947757e+00,True,True,0.07
0.08,0.08,0.08,1,3.589845560888887e-01,5.180521471999999e-01,6.818648177777776e-01,1.590675911111111e-01,1.696938845593135e+00,1.712679370975960e+00,True,True,0.08
0.08,0.08,0.08,2,3.583382983111111e-01,5.180521471999999e-01,6.805723022222223e-01,1.597138488888888e-01,1.695110952564891e+00,1.710621741672409e+00,True,True,0.08
0.09,0.09,0.09,1,2.985332895999999e-01,4.738429695999999e-01,6.493806400000000e-01,1.753096800000000e-01,1.588478062273982e+00,1.607759155403764e+00,True,True,0.09
0.09,0.09,0.09,2,2.976196096000002e-01,4.738429696000002e-01,6.475532800000001e-01,1.762233600000001e-01,1.585893784978645e+00,1.604808287962279e+00,True,True,0.09
0.1,0.1,0.1,1,2.418399999999993e-01,4.326399999999995e-01,6.183999999999995e-01,1.907999999999998e-01,1.486395022596616e+00,1.509431587850207e+00,True,True,0.1
0.1,0.1,0.1,2,2.405955555555550e-01,4.326399999999996e-01,6.159111111111109e-01,1.920444444444443e-01,1.482875202174710e+00,1.505355594389741e+00,True,True,0.1
0.11,0.11,0.11,1,1.887355992888889e-01,3.942907904000000e-01,5.888896177777777e-01,2.055551911111111e-01,1.390427067504528e+00,1.417400732779144e+00,True,True,0.11
0.11,0.11,0.11,2,1.870910748444443e-01,3.942907904000000e-01,5.856005688888886e-01,2.071997155555556e-01,1.385775649958553e+00,1.411939451502431e+00,True,True,0.11
0.12,0.12,0.12,1,1.390563328000003e-01,3.586480128000001e-01,5.608166400000004e-01,2.195916800000000e-01,1.300319382112430e+00,1.331380788183875e+00,True,True,0.12
0.12,0.12,0.12,2,1.369366528000002e-01,3.586480128000001e-01,5.565772800000003e-01,2.217113600000000e-01,1.294324021704647e+00,1.324245695779432e+00,True,True,0.12
0.13,0.13,0.13,1,9.264369386666599e-02,3.255693738666663e-01,5.341486399999993e-01,2.329256799999998e-01,1.215824875026699e+00,1.251095818574712e+00,True,True,0.13
0.13,0.13,0.13,2,8.996823608888799e-02,3.255693738666662e-01,5.287977244444435e-01,2.356011377777777e-01,1.208257537676919e+00,1.241970129395316e+00,True,True,0.13
0.14,0.14,0.14,1,4.934433848888853e-02,2.949175295999998e-01,5.088536177777774e-01,2.455731911111110e-01,1.136704057665836e+00,1.176279479700125e+00,True,True,0.14
0.14,0.14,0.14,2,4.602714737777786e-02,2.949175295999999e-01,5.022192355555559e-01,2.488903822222222e-01,1.127321624349204e+00,1.164818457661749e+00,True,True,0.14
0.15,0.15,0.15,1,9.009999999999962e-03,2.665600000000000e-01,4.848999999999999e-01,2.575500000000000e-01,1.062724923580886e+00,1.106674737400289e+00,True,True,0.15
0.15,0.15,0.15,2,4.960000000000464e-03,2.665600000000002e-01,4.768000000000006e-01,2.616000000000001e-01,1.051269793725665e+00,1.092506244558814e+00,True,True,0.15
0.16,0.16,0.16,1,0.000000000000000e+00,2.403690837333333e-01,4.622566399999997e-01,2.688716799999999e-01,9.936628277758910e-01,1.042033584178344e+00,False,True,0.16
0.16,0.16,0.16,2,0.000000000000000e+00,2.403690837333332e-01,4.524990577777773e-01,2.737504711111111e-01,9.798635226612535e-01,1.024758886186558e+00,False,True,0.16
0.17,0.17,0.17,1,0.000000000000000e+00,2.162217728000000e-01,4.408928177777781e-01,2.795535911111112e-01,9.293003660283374e-01,9.821167584372112e-01,False,True,0.17
0.17,0.17,0.17,2,0.000000000000000e+00,2.162217728000001e-01,4.292763022222225e-01,2.853618488888889e-01,9.128721321821526e-01,9.613116012664358e-01,False,True,0.17
0.18,0.18,0.18,1,0.000000000000000e+00,1.939996672000002e-01,4.207782400000006e-01,2.896108800000001e-01,8.694272542095891e-01,9.266934727971466e-01,False,True,0.18
0.18,0.18,0.18,2,0.000000000000000e+00,1.939996672000002e-01,4.070924800000004e-01,2.964537600000000e-01,8.500726668062055e-01,9.019094370196191e-01,False,True,0.18
0.19,0.19,0.19,1,0.000000000000000e+00,1.735888896000000e-01,4.018830399999999e-01,2.990584799999999e-01,8.138402076053348e-01,8.755411593573486e-01,False,True,0.19
0.19,0.19,0.19,2,0.000000000000000e+00,1.735888896000000e-01,3.859091911111109e-01,3.070454044444444e-01,7.912497738633696e-01,8.463072878726566e-01,False,True,0.19
0.2,0.2,0.2,1,0.000000000000000e+00,1.548799999999999e-01,3.841777777777775e-01,3.079111111111109e-01,7.623428202360347e-01,8.284452410105845e-01,False,True,0.2
0.2,0.2,0.2,2,0.000000000000000e+00,1.548799999999999e-01,3.656888888888886e-01,3.171555555555552e-01,7.361955828161588e-01,7.942699235317673e-01,False,True,0.2
0.21,0.21,0.21,1,0.000000000000000e+00,1.377679104000000e-01,3.676334400000000e-01,3.161832800000000e-01,7.147454441773569e-01,7.851989387211779e-01,False,True,0.21
0.21,0.21,0.21,2,0.000000000000000e+00,1.377679104000001e-01,3.463948800000000e-01,3.268025600000000e-01,6.847095845800820e-01,7.455720220775369e-01,False,True,0.21
0.22,0.22,0.22,1,0.000000000000000e+00,1.221517994666666e-01,3.522214400000001e-01,3.238892800000001e-01,6.708650688806200e-01,7.456031247483299e-01,False,True,0.22
0.22,0.22,0.22,2,0.000000000000000e+00,1.221517994666667e-01,3.279913244444443e-01,3.360043377777777e-01,6.365985108440859e-01,6.999982029227375e-01,False,True,0.22
0.23,0.23,0.23,1,0.000000000000000e+00,1.079350272000000e-01,3.379136177777776e-01,3.310431911111110e-01,6.305252004932400e-01,7.094662308421190e-01,False,True,0.23
0.23,0.23,0.23,2,0.000000000000000e+00,1.079350272000000e-01,3.104432355555555e-01,3.447783822222222e-01,5.916762133910007e-01,6.573430538124424e-01,False,True,0.23
0.24,0.24,0.24,1,0.000000000000000e+00,9.502504959999993e-02,3.246822399999995e-01,3.376588799999997e-01,5.935557411791713e-01,6.766042182041129e-01,False,True,0.24
0.24,0.24,0.24,2,0.000000000000000e+00,9.502504959999986e-02,2.937164799999996e-01,3.531417599999997e-01,5.497635434179812e-01,6.174111455912424e-01,False,True,0.24
0.25,0.25,0.25,1,0.000000000000000e+00,8.333333333333325e-02,3.124999999999999e-01,3.437499999999997e-01,5.597928684393498e-01,6.468406123441675e-01,False,True,0.25
0.25,0.25,0.25,2,0.000000000000000e+00,8.333333333333323e-02,2.777777777777777e-01,3.611111111111107e-01,5.106882308569508e-01,5.800170282728082e-01,False,True,0.25
0.26,0.26,0.26,1,0.000000000000000e+00,7.277527039999999e-02,3.013400177777779e-01,3.493299911111111e-01,5.290789144321322e-01,6.200066009200372e-01,False,True,0.26
0.26,0.26,0.26,2,0.000000000000000e+00,7.277527039999998e-02,2.625947022222221e-01,3.687026488888889e-01,4.742847636950400e-01,5.449852020632143e-01,False,True,0.26
0.27,0.27,0.27,1,0.000000000000000e+00,6.327009279999997e-02,2.911758400000000e-01,3.544120799999999e-01,5.012622452937426e-01,5.959411865029172e-01,False,True,0.27
0.27,0.27,0.27,2,0.000000000000000e+00,6.327009280000000e-02,2.481356800000002e-01,3.759321600000000e-01,4.403942672950349e-01,5.121500574323236e-01,False,True,0.27
0.28,0.28,0.28,1,0.000000000000000e+00,5.474078719999995e-02,2.819814399999999e-01,3.590092799999999e-01,4.761971404587144e-01,5.744913795271405e-01,False,True,0.28
0.28,0.28,0.28,2,0.000000000000000e+00,5.474078719999996e-02,2.343699911111111e-01,3.828150044444444e-01,4.088643837158145e-01,4.813557790935847e-01,False,True,0.28
0.29,0.29,0.29,1,0.000000000000000e+00,4.711400959999994e-02,2.737312177777776e-01,3.631343911111108e-01,4.537436719803325e-01,5.555124102545109e-01,False,True,0.29
0.29,0.29,0.29,2,0.000000000000000e+00,4.711400959999994e-02,2.212677688888886e-01,3.893661155555552e-01,3.795491510327980e-01,4.524562098133056e-01,False,True,0.29
0.3,0.3,0.3,1,0.000000000000000e+00,4.032000000000002e-02,2.663999999999999e-01,3.668000000000000e-01,4.337675838510754e-01,5.388679333565876e-01,False,True,0.3
0.3,0.3,0.3,2,0.000000000000000e+00,4.032000000000002e-02,2.088000000000003e-01,3.956000000000000e-01,3.523088826583859e-01,4.253146712729299e-01,False,True,0.3
0.31,0.31,0.31,1,0.000000000000000e+00,3.429249706666663e-02,2.599630400000001e-01,3.700184800000000e-01,4.161401713230589e-01,5.244301956261062e-01,False,True,0.31
0.31,0.31,0.31,2,0.000000000000000e+00,3.429249706666664e-02,1.969385244444444e-01,4.015307377777778e-01,3.270100466623982e-01,3.998037406799610e-01,False,True,0.31
0.32,0.32,0.32,1,0.000000000000000e+00,2.896865279999991e-02,2.543960177777776e-01,3.728019911111108e-01,4.007381602284774e-01,5.120801371123012e-01,False,True,0.32
0.32,0.32,0.32,2,0.000000000000000e+00,2.896865279999994e-02,1.856560355555550e-01,4.071719822222220e-01,3.035251450925247e-01,3.758049833796909e-01,False,True,0.32
0.33,0.33,0.33,1,0.000000000000000e+00,2.428894719999999e-02,2.496750399999999e-01,3.751624799999997e-01,3.874435863000488e-01,5.017073990089679e-01,False,True,0.33
0.33,0.33,0.33,2,0.000000000000000e+00,2.428894719999998e-02,1.749260799999999e-01,4.125369599999996e-01,2.817325932947650e-01,3.532086432705223e-01,False,True,0.33
0.34,0.34,0.34,1,0.000000000000000e+00,2.019710293333333e-02,2.457766400000001e-01,3.771116799999999e-01,3.761436744914552e-01,4.932102178040893e-01,False,True,0.34
0.34,0.34,0.34,2,0.000000000000000e+00,2.019710293333335e-02,1.647230577777778e-01,4.176384711111110e-01,2.615165992338657e-01,3.319132942836776e-01,False,True,0.34
0.35,0.35,0.35,1,0.000000000000000e+00,1.664000000000005e-02,2.426777777777779e-01,3.786611111111113e-01,3.667307182977859e-01,4.864951939214223e-01,False,True,0.35
0.35,0.35,0.35,2,0.000000000000000e+00,1.664000000000005e-02,1.550222222222223e-01,4.224888888888891e-01,2.427670428137710e-01,3.118254574771989e-01,False,True,0.35
0.36,0.36,0.36,1,0.000000000000000e+00,1.356759040000004e-02,2.403558400000000e-01,3.798220799999998e-01,3.591019590759807e-01,4.814769333264793e-01,False,True,0.36
0.36,0.36,0.36,2,0.000000000000000e+00,1.356759040000004e-02,1.457996800000000e-01,4.271001600000000e-01,2.253793551980604e-01,2.928591893546424e-01,False,True,0.36
0.37,0.37,0.37,1,0.000000000000000e+00,1.093281280000000e-02,2.387886399999998e-01,3.806056799999998e-01,3.531594653652724e-01,4.780775710646520e-01,False,True,0.37
0.37,0.37,0.37,2,0.000000000000000e+00,1.093281280000000e-02,1.370323911111112e-01,4.314838044444441e-01,2.092543981303939e-01,2.749356478112533e-01,False,True,0.37
0.38,0.38,0.38,1,0.000000000000000e+00,8.691507200000035e-03,2.379544177777778e-01,3.810227911111111e-01,3.488100122076303e-01,4.762261951525510e-01,False,True,0.38
0.38,0.38,0.38,2,0.000000000000000e+00,8.691507200000028e-03,1.286981688888891e-01,4.356509155555556e-01,1.942983432549535e-01,2.579826426158215e-01,False,True,0.38
0.39,0.39,0.39,1,0.000000000000000e+00,6.802329600000004e-03,2.378318400000001e-01,3.810840800000000e-01,3.459649604681999e-01,4.758581965492353e-01,False,True,0.39
0.39,0.39,0.39,2,0.000000000000000e+00,6.802329599999993e-03,1.207756800000002e-01,4.396121599999997e-01,1.804225514368852e-01,2.419341775562062e-01,False,True,0.39
0.4,0.4,0.4,1,0.000000000000000e+00,5.226666666666673e-03,2.384000000000001e-01,3.808000000000001e-01,3.445401361557493e-01,4.769145753463380e-01,False,True,0.4
0.4,0.4,0.4,2,0.000000000000000e+00,5.226666666666682e-03,1.132444444444444e-01,4.433777777777777e-01,1.675434520827433e-01,2.267299913286754e-01,False,True,0.4
0.41,0.41,0.41,1,0.000000000000000e+00,3.928550399999997e-03,2.396384177777778e-01,3.801807911111112e-01,3.444557097431095e-01,4.793412345429177e-01,False,True,0.41
0.41,0.41,0.41,2,0.000000000000000e+00,3.928550400000005e-03,1.060848355555558e-01,4.469575822222222e-01,1.555824224609327e-01,2.123151039666717e-01,False,True,0.41
0.42,0.42,0.42,1,0.000000000000000e+00,2.874572800000005e-03,2.415270399999999e-01,3.792364800000000e-01,3.456360754876177e-01,4.830882909777219e-01,False,True,0.42
0.42,0.42,0.42,2,0.000000000000000e+00,2.874572800000003e-03,9.927807999999985e-02,4.503609599999999e-01,1.444656670221497e-01,1.986393751225458e-01,False,True,0.42
0.43,0.43,0.43,1,0.000000000000000e+00,2.033800533333338e-03,2.440462400000000e-01,3.779768800000000e-01,3.480097307515608e-01,4.881094287257602e-01,False,True,0.43
0.43,0.43,0.43,2,0.000000000000000e+00,2.033800533333335e-03,9.280625777777773e-02,4.535968711111110e-01,1.341240967198285e-01,1.856570798792733e-01,False,True,0.43
0.44,0.44,0.44,1,0.000000000000000e+00,1.377689600000002e-03,2.471768177777777e-01,3.764115911111111e-01,3.515091553226167e-01,4.943613143253937e-01,False,True,0.44
0.44,0.44,0.44,2,0.000000000000000e+00,1.377689599999999e-03,8.665230222222250e-02,4.566738488888890e-01,1.244932083305796e-01,1.733265070212325e-01,False,True,0.44
0.45,0.45,0.45,1,0.000000000000000e+00,8.800000000000024e-04,2.509000000000000e-01,3.745500000000002e-01,3.560706907342978e-01,5.018030864791487e-01,False,True,0.45
0.45,0.45,0.45,2,0.000000000000000e+00,8.800000000000058e-04,8.080000000000012e-02,4.596000000000001e-01,1.155129637746347e-01,1.616095838742247e-01,False,True,0.45
0.46,0.46,0.46,1,0.000000000000000e+00,5.167104000000077e-04,2.551974400000000e-01,3.724012800000001e-01,3.616344195863935e-01,5.103959262070616e-01,False,True,0.46
0.46,0.46,0.46,2,0.000000000000000e+00,5.167104000000089e-04,7.523399111111101e-02,4.623830044444445e-01,1.071276694362893e-01,1.504715309704025e-01,False,True,0.46
0.47,0.47,0.47,1,0.000000000000000e+00,2.659328000000113e-04,2.600512177777778e-01,3.699743911111111e-01,3.681440448654126e-01,5.201027075028907e-01,False,True,0.47
0.47,0.47,0.47,2,0.000000000000000e+00,2.659328000000037e-04,6.993976888888903e-02,4.650301155555555e-01,9.928585548434654e-02,1.398805489335143e-01,False,True,0.47
0.48,0.48,0.48,1,0.000000000000000e+00,1.078272000000001e-04,2.654438400000001e-01,3.672780800000002e-01,3.755467692650268e-01,5.308877238009962e-01,False,True,0.48
0.48,0.48,0.48,2,0.000000000000000e+00,1.078272000000057e-04,6.490367999999996e-02,4.675481600000003e-01,9.194015519255605e-02,1.298075391377166e-01,False,True,0.48
0.49,0.49,0.49,1,0.000000000000000e+00,2.451626666666793e-05,2.713582400000001e-01,3.643208800000000e-01,3.837931745065120e-01,5.427164822149591e-01,False,True,0.49
0.49,0.49,0.49,2,0.000000000000000e+00,2.451626666667185e-05,6.011292444444449e-02,4.699435377777775e-01,8.504718426006130e-02,1.202258588875259e-01,False,True,0.49
0.5,0.5,0.5,1,0.000000000000000e+00,0.000000000000000e+00,2.777777777777780e-01,3.611111111111115e-01,3.928371006591933e-01,5.555555555555560e-01,False,True,0.5
0.5,0.5,0.5,2,0.000000000000000e+00,0.000000000000000e+00,5.555555555555541e-02,4.722222222222224e-01,7.856742013183843e-02,1.111111111111108e-01,False,True,0.5
0.51,0.51,0.51,1,0.000000000000000e+00,2.007040000000150e-05,2.846862399999999e-01,3.576568799999998e-01,4.026355254608841e-01,5.693724814149644e-01,False,True,0.51
0.51,0.51,0.51,2,0.000000000000000e+00,2.007040000000238e-05,5.122047999999996e-02,4.743897599999998e-01,7.246508131914203e-02,1.024409678644506e-01,False,True,0.51
0.52,0.52,0.52,1,0.000000000000000e+00,7.222613333333405e-05,2.920678399999999e-01,3.539660800000000e-01,4.131484436383327e-01,5.841356978609675e-01,False,True,0.52
0.52,0.52,0.52,2,0.000000000000000e+00,7.222613333333384e-05,4.709745777777768e-02,4.764512711111111e-01,6.670800671994520e-02,9.419502631761165e-02,False,True,0.52
0.53,0.53,0.53,1,0.000000000000000e+00,1.455872000000013e-04,2.999072177777776e-01,3.500463911111110e-01,4.243387462276625e-01,5.998145062295180e-01,False,True,0.53
0.53,0.53,0.53,2,0.000000000000000e+00,1.455872000000035e-04,4.317710222222215e-02,4.784114488888888e-01,6.126753493938406e-02,8.635469534289435e-02,False,True,0.53
0.54,0.54,0.54,1,0.000000000000000e+00,2.308096000000002e-04,3.081894400000000e-01,3.459052800000000e-01,4.361720998948153e-01,6.163790528581745e-01,False,True,0.54
0.54,0.54,0.54,2,0.000000000000000e+00,2.308095999999996e-04,3.945087999999983e-02,4.802745600000002e-01,5.611838361019916e-02,7.890311035303586e-02,False,True,0.54
0.55,0.55,0.55,1,0.000000000000000e+00,3.199999999999996e-04,3.169000000000000e-01,3.415499999999999e-01,4.486168262559931e-01,6.338003231302426e-01,False,True,0.55
0.55,0.55,0.55,2,0.000000000000000e+00,3.200000000000008e-04,3.591111111111112e-02,4.820444444444444e-01,5.123852871317985e-02,7.182507365076818e-02,False,True,0.55
0.56,0.56,0.56,1,0.000000000000000e+00,4.066303999999985e-04,3.260248177777777e-01,3.369875911111110e-01,4.616437811981034e-01,6.520501427200682e-01,False,True,0.56
0.56,0.56,0.56,2,0.000000000000000e+00,4.066304000000017e-04,3.255096888888886e-02,4.837245155555553e-01,4.660908389760450e-02,6.510701725275440e-02,False,True,0.56
0.57,0.57,0.57,1,0.000000000000000e+00,4.854527999999993e-04,3.355502399999998e-01,3.322248799999998e-01,4.752262341991987e-01,6.711011823219460e-01,False,True,0.57
0.57,0.57,0.57,2,0.000000000000000e+00,4.854527999999985e-04,2.936448000000003e-02,4.853177599999997e-01,4.221417980168547e-02,5.873698494445997e-02,False,True,0.57
0.58,0.58,0.58,1,0.000000000000000e+00,5.524138666666662e-04,3.454630400000001e-01,3.272684800000001e-01,4.893397476489220e-01,6.909269633387358e-01,False,True,0.58
0.58,0.58,0.58,2,0.000000000000000e+00,5.524138666666671e-04,2.634652444444441e-02,4.868267377777779e-01,3.804084337301056e-02,5.270463020956669e-02,False,True,0.58
0.59,0.59,0.59,1,0.000000000000000e+00,6.045696000000006e-04,3.557504177777777e-01,3.221247911111111e-01,5.039620561689462e-01,7.115018629728656e-01,False,True,0.59
0.59,0.59,0.59,2,0.000000000000000e+00,6.045696000000012e-04,2.349283555555567e-02,4.882535822222223e-01,3.407887718898617e-02,4.700122665810436e-02,False,True,0.59
0.6,0.6,0.6,1,0.000000000000000e+00,6.400000000000010e-04,3.663999999999998e-01,3.168000000000000e-01,5.190729459334207e-01,7.328011179030771e-01,False,True,0.6
0.6,0.6,0.6,2,0.000000000000000e+00,6.399999999999999e-04,2.080000000000001e-02,4.896000000000001e-01,3.032073877727920e-02,4.161968764899614e-02,False,True,0.6
0.61,0.61,0.61,1,0.000000000000000e+00,6.577237333333337e-04,3.773998399999999e-01,3.113000799999999e-01,5.346541339894106e-01,7.548008262648761e-01,False,True,0.61
0.61,0.61,0.61,2,0.000000000000000e+00,6.577237333333331e-04,1.826545777777780e-02,4.908672711111108e-01,2.676141993626120e-02,3.655459196003553e-02,False,True,0.61
0.62,0.62,0.62,1,0.000000000000000e+00,6.576128000000022e-04,3.887384177777778e-01,3.056307911111110e-01,5.506891475773417e-01,7.774779480112985e-01,False,True,0.62
0.62,0.62,0.62,2,0.000000000000000e+00,6.576128000000030e-04,1.588750222222229e-02,4.920562488888888e-01,2.339832605544964e-02,3.180221259320441e-02,False,True,0.62
0.63,0.63,0.63,1,0.000000000000000e+00,6.403072000000002e-04,4.004046399999999e-01,2.997976799999998e-01,5.671632034514414e-01,8.008103039467959e-01,False,True,0.63
0.63,0.63,0.63,2,0.000000000000000e+00,6.403071999999998e-04,1.366527999999992e-02,4.931673599999996e-01,2.023115543595084e-02,2.736054610484006e-02,False,True,0.63
0.64,0.64,0.64,1,0.000000000000000e+00,6.071296000000012e-04,4.123878400000002e-01,2.938060800000000e-01,5.840630872001845e-01,8.247765738337067e-01,False,True,0.64
0.64,0.64,0.64,2,0.000000000000000e+00,6.071296000000029e-04,1.159879111111109e-02,4.942006044444446e-01,1.726177861090398e-02,2.322934020504119e-02,False,True,0.64
0.65,0.65,0.65,1,0.000000000000000e+00,5.600000000000023e-04,4.246777777777779e-01,2.876611111111111e-01,6.013770325667298e-01,8.493562939974525e-01,False,True,0.65
0.65,0.65,0.65,2,0.000000000000000e+00,5.600000000000019e-04,9.688888888888858e-03,4.951555555555556e-01,1.449411766592155e-02,1.941011776380906e-02,False,True,0.65
0.66,0.66,0.66,1,0.000000000000000e+00,5.013503999999990e-04,4.372646400000001e-01,2.813676799999999e-01,6.190946007693701e-01,8.745298548284176e-01,False,True,0.66
0.66,0.66,0.66,2,0.000000000000000e+00,5.013503999999986e-04,7.937280000000074e-03,4.960313599999998e-01,1.193402555953398e-02,1.590619577673824e-02,False,True,0.66
0.67,0.67,0.67,1,0.000000000000000e+00,4.340394666666674e-04,4.501390400000002e-01,2.749304800000000e-01,6.372065598219707e-01,9.002784985156101e-01,False,True,0.67
0.67,0.67,0.67,2,0.000000000000000e+00,4.340394666666678e-04,6.346524444444362e-03,4.968267377777777e-01,9.589165443630761e-03,1.272269826452771e-02,False,True,0.67
0.68,0.68,0.68,1,0.000000000000000e+00,3.612672000000014e-04,4.632920177777778e-01,2.683539911111111e-01,6.557047638544111e-01,9.265843172655031e-01,False,True,0.68
0.68,0.68,0.68,2,0.000000000000000e+00,3.612672000000001e-04,4.920035555555619e-03,4.975399822222222e-01,7.468889983905148e-03,9.866562493133528e-03,False,True,0.68
0.69,0.69,0.69,1,0.000000000000000e+00,2.864896000000001e-04,4.767150399999996e-01,2.616424799999999e-01,6.745820324330307e-01,9.534302521705343e-01,False,True,0.69
0.69,0.69,0.69,2,0.000000000000000e+00,2.864896000000001e-04,3.662080000000068e-03,4.981689599999997e-01,5.584120680294178e-03,7.346538291551649e-03,False,True,0.69
0.7,0.7,0.7,1,0.000000000000000e+00,2.133333333333356e-04,4.904000000000001e-01,2.548000000000001e-01,6.938320298810722e-01,9.808000928040559e-01,False,True,0.7
0.7,0.7,0.7,2,0.000000000000000e+00,2.133333333333354e-04,2.577777777777901e-03,4.987111111111112e-01,3.947227187423725e-03,5.173180601029385e-03,False,True,0.7
0.71,0.71,0.71,1,0.000000000000000e+00,1.455104000000012e-04,5.043392177777777e-01,2.478303911111112e-01,7.134491445991176e-01,1.008678477537768e+00,False,True,0.71
0.71,0.71,0.71,2,0.000000000000000e+00,1.455104000000004e-04,1.673102222222250e-03,4.991634488888889e-01,2.571906635049558e-03,3.358835704534053e-03,False,True,0.71
0.72,0.72,0.72,1,0.000000000000000e+00,8.673279999999948e-05,5.185254399999998e-01,2.407372800000000e-01,7.334283683855388e-01,1.037050894507636e+00,False,True,0.72
0.72,0.72,0.72,2,0.000000000000000e+00,8.673279999999936e-05,9.548799999999913e-04,4.995225599999998e-01,1.473062948501378e-03,1.917621853229487e-03,False,True,0.72
0.73,0.73,0.73,1,0.000000000000000e+00,4.062720000000135e-05,5.329518399999998e-01,2.335240800000000e-01,7.537651757569368e-01,1.065903683097033e+00,False,True,0.73
0.73,0.73,0.73,2,0.000000000000000e+00,4.062720000000172e-05,4.307911111111618e-04,4.997846044444446e-01,6.666861691244752e-04,8.654052248333828e-04,False,True,0.73
0.74,0.74,0.74,1,0.000000000000000e+00,1.064959999999827e-05,5.476120177777779e-01,2.261939911111112e-01,7.744554032685838e-01,1.095224035762662e+00,False,True,0.74
0.74,0.74,0.74,2,0.000000000000000e+00,1.064959999999990e-05,1.093688888888222e-04,4.999453155555557e-01,1.697317747221216e-04,2.197723170641429e-04,False,True,0.74
0.75,0.75,0.75,1,0.000000000000000e+00,0.000000000000000e+00,5.624999999999997e-01,2.187499999999999e-01,7.954951288348655e-01,1.124999999999999e+00,False,True,0.75
0.75,0.75,0.75,2,0.000000000000000e+00,0.000000000000000e+00,0.000000000000000e+00,4.999999999999998e-01,0.000000000000000e+00,0.000000000000000e+00,False,True,0.75
0.76,0.76,0.76,1,0.000000000000000e+00,1.153706666666659e-05,5.776102399999997e-01,2.111948799999999e-01,8.168805510497278e-01,1.155220480230438e+00,False,True,0.76
0.76,0.76,0.76,2,0.000000000000000e+00,1.153706666666710e-05,1.129244444445510e-04,4.999435377777774e-01,1.760151570069096e-04,2.270245278412145e-04,False,True,0.76
0.77,0.77,0.77,1,0.000000000000000e+00,4.769279999999784e-05,5.929376177777776e-01,2.035311911111110e-01,8.386078685071150e-01,1.185875239391715e+00,False,True,0.77
0.77,0.77,0.77,2,0.000000000000000e+00,4.769279999999802e-05,4.592355555555205e-04,4.997703822222221e-01,7.169049555781181e-04,9.234108482321992e-04,False,True,0.77
0.78,0.78,0.78,1,0.000000000000000e+00,1.103872000000003e-04,6.084774399999999e-01,1.957612799999999e-01,8.606731591214132e-01,1.216954900025942e+00,False,True,0.78
0.78,0.78,0.78,2,0.000000000000000e+00,1.103871999999989e-04,1.050879999999949e-03,4.994745599999998e-01,1.642279823778943e-03,2.113323551492986e-03,False,True,0.78
0.79,0.79,0.79,1,0.000000000000000e+00,2.009429333333321e-04,6.242254399999999e-01,1.878872799999999e-01,8.830722594478955e-01,1.248450944685062e+00,False,True,0.79
0.79,0.79,0.79,2,0.000000000000000e+00,2.009429333333322e-04,1.900657777777676e-03,4.990496711111111e-01,2.972112228346179e-03,3.822500778643937e-03,False,True,0.79
0.8,0.8,0.8,1,0.000000000000000e+00,3.199999999999999e-04,6.401777777777771e-01,1.799111111111109e-01,9.058006440031611e-01,1.280355715511112e+00,False,True,0.8
0.8,0.8,0.8,2,0.000000000000000e+00,3.200000000000006e-04,3.022222222222398e-03,4.984888888888882e-01,4.726615995131689e-03,6.078232361631099e-03,False,True,0.8
0.81,0.81,0.81,1,0.000000000000000e+00,4.674304000000012e-04,6.563310399999999e-01,1.718344799999999e-01,9.288533045855835e-01,1.312662412897787e+00,False,True,0.81
0.81,0.81,0.81,2,0.000000000000000e+00,4.674304000000010e-04,4.430079999999947e-03,4.977849599999999e-01,6.926125629543234e-03,8.909343406838395e-03,False,True,0.81
0.82,0.82,0.82,1,0.000000000000000e+00,6.422528000000002e-04,6.726822400000000e-01,1.636588800000001e-01,9.522246295957452e-01,1.345365093199726e+00,False,True,0.82
0.82,0.82,0.82,2,0.000000000000000e+00,6.422527999999990e-04,6.139591111111176e-03,4.969302044444445e-01,9.590975636990819e-03,1.234618445848647e-02,False,True,0.82
0.83,0.83,0.83,1,0.000000000000000e+00,8.425472000000004e-04,6.892288177777779e-01,1.553855911111112e-01,9.759082833568874e-01,1.378458665526301e+00,False,True,0.83
0.83,0.83,0.83,2,0.000000000000000e+00,8.425472000000010e-04,8.166968888888931e-03,4.959165155555558e-01,1.274137984332533e-02,1.642062929565217e-02,False,True,0.83
0.84,0.84,0.84,1,0.000000000000000e+00,1.065369600000000e-03,7.059686399999996e-01,1.470156799999999e-01,9.998970854353483e-01,1.411938887736765e+00,False,True,0.84
0.84,0.84,0.84,2,0.000000000000000e+00,1.065369599999998e-03,1.052927999999997e-02,4.947353599999996e-01,1.639731071528374e-02,2.116608132867335e-02,False,True,0.84
0.85,0.85,0.85,1,0.000000000000000e+00,1.306666666666667e-03,7.229000000000001e-01,1.385500000000000e-01,1.024182889961011e+00,1.445802361843109e+00,False,True,0.85
0.85,0.85,0.85,2,0.000000000000000e+00,1.306666666666666e-03,1.324444444444456e-02,4.933777777777779e-01,2.057837868093138e-02,2.661748946987721e-02,False,True,0.85
0.86,0.86,0.86,1,0.000000000000000e+00,1.561190399999998e-03,7.400216177777775e-01,1.299891911111111e-01,1.048756464947739e+00,1.480046529125222e+00,False,True,0.86
0.86,0.86,0.86,2,0.000000000000000e+00,1.561190399999999e-03,1.633123555555546e-02,4.918343822222220e-01,2.530371145010295e-02,3.281137426174595e-02,False,True,0.86
0.87,0.87,0.87,1,0.000000000000000e+00,1.822412799999999e-03,7.573326399999996e-01,1.213336799999999e-01,1.073607371613822e+00,1.514669665369690e+00,False,True,0.87
0.87,0.87,0.87,2,0.000000000000000e+00,1.822412799999999e-03,1.980927999999982e-02,4.900953599999998e-01,3.059183333484819e-02,3.978586495387509e-02,False,True,0.87
0.88,0.88,0.88,1,0.000000000000000e+00,2.082440533333336e-03,7.748326400000006e-01,1.125836800000001e-01,1.098723843702426e+00,1.549670876757959e+00,False,True,0.88
0.88,0.88,0.88,2,0.000000000000000e+00,2.082440533333335e-03,2.369905777777770e-02,4.881504711111113e-01,3.646054456987227e-02,4.758074812902022e-02,False,True,0.88
0.89,0.89,0.89,1,0.000000000000000e+00,2.331929600000002e-03,7.925216177777779e-01,1.037391911111111e-01,1.124092666802019e+00,1.585050097051529e+00,False,True,0.89
0.89,0.89,0.89,2,0.000000000000000e+00,2.331929600000003e-03,2.802190222222228e-02,4.859890488888890e-01,4.292680063297880e-02,5.623752838847534e-02,False,True,0.89
0.9,0.9,0.9,1,0.000000000000000e+00,2.559999999999996e-03,8.103999999999993e-01,9.479999999999988e-02,1.149699057666830e+00,1.620808086850505e+00,False,True,0.9
0.9,0.9,0.9,2,0.000000000000000e+00,2.559999999999997e-03,3.279999999999997e-02,4.835999999999995e-01,5.000659156551261e-02,6.579950151786859e-02,False,True,0.9
0.91,0.91,0.91,1,0.000000000000000e+00,2.754150400000002e-03,8.284686400000001e-01,8.576567999999997e-02,1.175526543537289e+00,1.656946435836567e+00,False,True,0.91
0.91,0.91,0.91,2,0.000000000000000e+00,2.754150400000002e-03,3.805639111111114e-02,4.809718044444444e-01,5.771482129280354e-02,7.631184046601626e-02,False,True,0.91
0.92,0.92,0.92,1,0.000000000000000e+00,2.900172800000001e-03,8.467288177777776e-01,7.663559111111107e-02,1.201556841460456e+00,1.693467569051882e+00,False,True,0.92
0.92,0.92,0.92,2,0.000000000000000e+00,2.900172800000001e-03,4.381496888888886e-02,4.780925155555554e-01,6.606518694460731e-02,8.782169438138070e-02,False,True,0.92
0.93,0.93,0.93,1,0.000000000000000e+00,2.982067200000002e-03,8.651822400000004e-01,6.740887999999998e-02,1.227769737610483e+00,1.730374758410679e+00,False,True,0.93
0.93,0.93,0.93,2,0.000000000000000e+00,2.982067200000001e-03,5.010048000000014e-02,4.749497600000001e-01,7.507005817555015e-02,1.003783008626014e-01,False,True,0.93
0.94,0.94,0.94,1,0.000000000000000e+00,2.981956266666665e-03,8.838310399999992e-01,5.808448000000000e-02,1.254142966609040e+00,1.767672140789300e+00,False,True,0.94
0.94,0.94,0.94,2,0.000000000000000e+00,2.981956266666666e-03,5.693852444444436e-02,4.715307377777775e-01,8.474035648556866e-02,1.140331114911261e-01,False,True,0.94
0.95,0.95,0.95,1,0.000000000000000e+00,2.880000000000001e-03,9.026777777777777e-01,4.866111111111115e-02,1.280652090845774e+00,1.805364744193070e+00,False,True,0.95
0.95,0.95,0.95,2,0.000000000000000e+00,2.880000000000000e-03,6.435555555555547e-02,4.678222222222221e-01,9.508543454035626e-02,1.288399306250075e-01,False,True,0.95
0.96,0.96,0.96,1,0.000000000000000e+00,2.654310400000002e-03,9.217254399999999e-01,3.913728000000004e-02,1.307270379798736e+00,1.843458523652640e+00,False,True,0.96
0.96,0.96,0.96,2,0.000000000000000e+00,2.654310400000001e-03,7.237887999999992e-02,4.638105600000001e-01,1.061129554918026e-01,1.448550673432440e-01,False,True,0.96
0.97,0.97,0.97,1,0.000000000000000e+00,2.280866133333334e-03,9.409774399999997e-01,2.951128000000002e-02,1.333968689354832e+00,1.881960408658239e+00,False,True,0.97
0.97,0.97,0.97,2,0.000000000000000e+00,2.280866133333334e-03,8.103665777777783e-02,4.594816711111109e-01,1.178287722984381e-01,1.621375003398149e-01,False,True,0.97
0.98,0.98,0.98,1,0.000000000000000e+00,1.733427200000000e-03,9.604376177777774e-01,1.978119111111112e-02,1.360715341130266e+00,1.920878364095457e+00,False,True,0.98
0.98,0.98,0.98,2,0.000000000000000e+00,1.733427200000000e-03,9.035790222222231e-02,4.548210488888887e-01,1.302368070458752e-01,1.807490554759099e-01,False,True,0.98
0.99,0.99,0.99,1,0.000000000000000e+00,9.834496000000006e-04,9.801102399999996e-01,9.944880000000007e-03,1.387476001790979e+00,1.960221466800088e+00,False,True,0.99
0.99,0.99,0.99,2,0.000000000000000e+00,9.834496000000002e-04,1.003724800000000e-01,4.498137599999998e-01,1.433389302672527e-01,2.007545956083312e-01,False,True,0.99
