p,scenario,trials,n_transmissions_per_trial,mean_conclusive_fraction,exact_conclusive_probability,difference_conclusive,mean_qber,std_qber,ci95_low,ci95_high,exact_qber,difference_from_exact,ci_contains_exact
0.01,single,50,1000,0.25226,0.25333333333333324,-0.0010733333333332595,0.014450661707616292,0.006275136674358003,0.012711282563054403,0.01619004085217818,0.013157894736842044,0.0012927669707742482,True
0.02,single,50,1000,0.2593,0.25666666666666665,0.002633333333333321,0.025866224860399013,0.00995351170034408,0.0231072521773853,0.028625197543412726,0.025974025974026062,-0.00010780111362704986,True
0.03,single,50,1000,0.25896,0.25999999999999995,-0.0010399999999999299,0.04009520861057142,0.012921306287397658,0.03651360523790938,0.04367681198323346,0.03846153846153849,0.0016336701490329286,True
0.04,single,50,1000,0.25984,0.26333333333333325,-0.0034933333333332373,0.04923949603778373,0.014078686923688633,0.045337083120158224,0.05314190895540923,0.050632911392405035,-0.0013934153546213066,True
0.05,single,50,1000,0.2657,0.26666666666666655,-0.0009666666666665602,0.0669917916249858,0.01511833098634747,0.06280120407560355,0.07118237917436804,0.06249999999999991,0.004491791624985884,False
0.06,single,50,1000,0.27216,0.26999999999999996,0.0021600000000000508,0.07669600430888922,0.01738630335351871,0.07187676689248174,0.0815152417252967,0.07407407407407413,0.0026219302348150925,True
0.07,single,50,1000,0.2717,0.27333333333333326,-0.0016333333333332645,0.09070696859384476,0.017924151002396044,0.08573864741528886,0.09567528977240067,0.08536585365853658,0.005341114935308186,False
0.08,single,50,1000,0.27836,0.27666666666666656,0.0016933333333334355,0.09694409069716763,0.017133031686053322,0.09219505660527065,0.1016931247890646,0.09638554216867465,0.0005585485284929775,True
0.09,single,50,1000,0.27825999999999995,0.27999999999999997,-0.0017400000000000193,0.1082238335290947,0.017235237519014183,0.10344646942567286,0.11300119763251655,0.1071428571428572,0.0010809763862374977,True
0.1,single,50,1000,0.28459999999999996,0.2833333333333332,0.0012666666666667492,0.12046667621891068,0.018757842729257224,0.11526726748354957,0.12566608495427178,0.11764705882352944,0.002819617395381238,True
0.01,dual,50,1000,0.25495999999999996,0.2557999999999999,-0.0008399999999999519,0.022205170327842007,0.010580627152856546,0.019272370109917388,0.025137970545766625,0.02267396403440179,-0.0004687937065597815,True
0.02,dual,50,1000,0.26305999999999996,0.2615333333333333,0.0015266666666666762,0.047454534411200726,0.01253401976029496,0.04398028138693267,0.05092878743546878,0.04409890390007648,0.0033556305111242454,True
0.03,dual,50,1000,0.26852,0.26719999999999994,0.0013200000000000434,0.05918938665513194,0.014156791463926198,0.05526532426348941,0.06311344904677446,0.06437125748503,-0.005181870829898065,False
0.04,dual,50,1000,0.27254,0.2727999999999999,-0.00025999999999987145,0.08135400381900285,0.013929495711235685,0.07749294459564077,0.08521506304236492,0.08357771260997067,-0.002223708790967824,True
0.05,dual,50,1000,0.27804,0.27833333333333315,-0.0002933333333331456,0.09936304606201102,0.018084084255033057,0.09435039364756417,0.10437569847645786,0.10179640718562867,-0.0024333611236176528,True
0.06,dual,50,1000,0.28426,0.2837999999999999,0.000460000000000127,0.11745497029523967,0.01905825285954041,0.1121722921200965,0.12273764847038285,0.11909795630725867,-0.001642986012018996,True
0.07,dual,50,1000,0.29294,0.28919999999999985,0.003740000000000132,0.13515674684193052,0.02106654502761971,0.12931739847861148,0.14099609520524956,0.13554633471645916,-0.00038958787452864074,True
0.08,dual,50,1000,0.29528000000000004,0.29453333333333326,0.0007466666666667843,0.14977171793544358,0.02041875801699825,0.14411192697061073,0.15543150890027643,0.15119963784517879,-0.0014279199097352036,True
0.09,dual,50,1000,0.29876,0.29979999999999996,-0.0010399999999999299,0.1638112910396684,0.022433089742460874,0.1575931558067631,0.1700294262725737,0.16611074049366242,-0.002299449453994018,True
0.1,dual,50,1000,0.30632000000000004,0.3049999999999998,0.00132000000000021,0.181570867170317,0.02690860400065426,0.17411218267675557,0.18902955166387844,0.180327868852459,0.0012429983178580128,True
0.01,triple,50,1000,0.25646,0.25513918510171313,0.0013208148982868928,0.02368940366633545,0.008926002563199318,0.021215241985335368,0.02616356534733553,0.025041959349231556,-0.001352555682896106,True
0.02,triple,50,1000,0.25904000000000005,0.2601405658070424,-0.0011005658070423752,0.050169788813119974,0.014299666794593246,0.0462061234003273,0.05413345422591265,0.048591290511832266,0.0015784983012877077,True
0.03,triple,50,1000,0.26276,0.2650048839957399,-0.0022448839957399103,0.07169748563549024,0.018179043341353947,0.06665851190520526,0.07673645936577521,0.07077184281645711,0.0009256428190331234,True
0.04,triple,50,1000,0.26908,0.26973288666760176,-0.0006528866676017708,0.09011658564186789,0.017743558549283164,0.08519832213741706,0.09503484914631873,0.09169399761802415,-0.0015774119761562538,True
0.05,triple,50,1000,0.27448,0.2743253260461723,0.00015467395382767757,0.11422485427980447,0.021081439228259734,0.10838137745469845,0.1200683311049105,0.11145644657331528,0.002768407706489187,True
0.06,triple,50,1000,0.2762,0.2787829596858934,-0.0025829596858933934,0.13212913925988853,0.019881842738827756,0.12661817361722957,0.1376401049025475,0.13014769527798165,0.0019814439819068885,True
0.07,triple,50,1000,0.28162000000000004,0.28310655058285517,-0.0014865505828551284,0.1490934046808391,0.01684430400762978,0.14442440181827929,0.1537624075433989,0.14784734050371398,0.0012460641771251113,True
0.08,triple,50,1000,0.28888,0.28729686728931997,0.0015831327106800575,0.16058471805730978,0.019994672298553822,0.15504247765630497,0.1661269584583146,0.16462715982799106,-0.0040424417706812765,True
0.09,triple,50,1000,0.29124,0.29135468403219145,-0.00011468403219144774,0.18154982822269616,0.020169404439730018,0.17595915454317992,0.1871405019022124,0.18055204503380926,0.0009977831888869082,True
0.1,triple,50,1000,0.29436,0.295280780835622,-0.0009207808356219704,0.19685380051028298,0.02231409545271001,0.19066864881170617,0.20303895220885979,0.1956808047991031,0.001172995711179875,True
